Submission id,Participant id,Status,Started at,Completed at,Reviewed at,Archived at,Time taken,Completion code,Total approvals,Fluent languages,Handedness,Age,Sex,Ethnicity simplified,Country of birth,Country of residence,Nationality,Language,Student status,Employment status
639a41c8f23b2cb3b66b8794,62853fe01fa0d21c4daacfcb,AWAITING REVIEW,2022-12-14T21:36:11.770000Z,2022-12-14T21:59:45.514000Z,,2022-12-14T21:59:45.900884Z,1414,CZELI6JD,587,English,Left-handed,25,Male,Black,United States,United States,United States,English,No,"Not in paid work (e.g. homemaker', 'retired or disabled)"
639a42c98c5a6a1638c78018,6285892c0fc742d49a255328,AWAITING REVIEW,2022-12-14T21:40:26.948000Z,2022-12-14T21:51:54.396000Z,,2022-12-14T21:51:54.749723Z,688,CZELI6JD,151,"English, Spanish",Left-handed,21,Male,White,United States,United States,United States,English,DATA_EXPIRED,DATA_EXPIRED
639a45fff59f750859d02e7e,5ba855d47c0ebe0001272f70,AWAITING REVIEW,2022-12-14T21:54:37.107000Z,2022-12-14T22:13:53.703000Z,,2022-12-14T22:13:54.114152Z,1157,CZELI6JD,1503,"Albanian, Spanish, English, Italian",Left-handed,28,Male,White,Albania,United States,United States,Albanian,No,Full-Time
639a46aa02f71c819c12e782,62f41a3f40490ce7273873ec,AWAITING REVIEW,2022-12-14T21:57:00.225000Z,2022-12-14T22:10:33.172000Z,,2022-12-14T22:10:33.644842Z,813,CZELI6JD,140,English,Left-handed,20,Male,White,United States,United States,United States,English,No,Unemployed (and job seeking)
639a486fc43f62ad3fe0a10c,6160b0eb22d84b34a1b79b2f,AWAITING REVIEW,2022-12-14T22:04:34.136000Z,2022-12-14T22:15:53.544000Z,,2022-12-14T22:15:53.971761Z,680,CZELI6JD,169,"English, Hindi, Punjabi",Left-handed,19,Female,Asian,United States,United States,United States,English,Yes,Unemployed (and job seeking)
639a49a08c8b890ec902f87c,5b0481d17ac6e4000107e12a,RETURNED,2022-12-14T22:09:38.244000Z,2022-12-14T22:18:41.496000Z,,2022-12-14T22:18:41.870000Z,,CZELI6JD,372,CONSENT_REVOKED,CONSENT_REVOKED,CONSENT_REVOKED,CONSENT_REVOKED,CONSENT_REVOKED,CONSENT_REVOKED,CONSENT_REVOKED,CONSENT_REVOKED,CONSENT_REVOKED,CONSENT_REVOKED,CONSENT_REVOKED
639a4a41d49f09699dd02e23,5f4efbf90b8cc113d26921a4,AWAITING REVIEW,2022-12-14T22:12:19.950000Z,2022-12-14T22:22:06.943000Z,,2022-12-14T22:22:07.350986Z,587,CZELI6JD,2129,English,Left-handed,23,Male,White,United States,United States,United States,English,No,Part-Time
639a4b82986265b772e1dace,5d4cdc63ec9aa0000112ae43,AWAITING REVIEW,2022-12-14T22:17:48.769000Z,2022-12-14T22:33:23.487000Z,,2022-12-14T22:33:23.855247Z,935,CZELI6JD,471,English,Left-handed,37,Male,Other,United States,United States,United States,English,No,Full-Time
639a4d38edb8689f92afd9ac,5e1f7b2a4c9b832b34e7c9d3,AWAITING REVIEW,2022-12-14T22:25:01.306000Z,2022-12-14T22:34:47.554000Z,,2022-12-14T22:34:47.944674Z,587,CZELI6JD,1092,English,Left-handed,31,Male,White,United States,United States,United States,English,DATA_EXPIRED,DATA_EXPIRED
639a4da2f79851aa29317ee9,60c80c19de11452191e78dd5,AWAITING REVIEW,2022-12-14T22:27:30.546000Z,2022-12-14T22:44:07.726000Z,,2022-12-14T22:44:08.091617Z,998,CZELI6JD,323,English,Ambidextrous,36,Male,White,United States,United States,United States,English,No,DATA_EXPIRED
639a4da57d1161af3ce0a10d,5a9dd8b1873cda00010d18c5,AWAITING REVIEW,2022-12-14T22:26:53.231000Z,2022-12-14T22:45:48.390000Z,,2022-12-14T22:45:48.798096Z,1136,CZELI6JD,1290,English,Ambidextrous,28,Female,White,United States,United States,United States,English,DATA_EXPIRED,DATA_EXPIRED
639a4ee9e3fa8f9f3a9b03ac,5f55b2de5c3cb118507479f5,RETURNED,2022-12-14T22:32:11.423000Z,2022-12-14T22:32:46.666000Z,,2022-12-14T22:32:47.017000Z,,CZELI6JD,2738,CONSENT_REVOKED,CONSENT_REVOKED,CONSENT_REVOKED,CONSENT_REVOKED,CONSENT_REVOKED,CONSENT_REVOKED,CONSENT_REVOKED,CONSENT_REVOKED,CONSENT_REVOKED,CONSENT_REVOKED,CONSENT_REVOKED
639a5007ce2ea3ee53e0db5a,63657781c04fe648496b9bab,AWAITING REVIEW,2022-12-14T22:36:58.364000Z,2022-12-14T22:49:15.901000Z,,2022-12-14T22:49:16.421111Z,738,CZELI6JD,208,English,Ambidextrous,28,Male,White,United States,United States,United States,English,Yes,Unemployed (and job seeking)
639a506e408526f9cee1da91,612c6bd26f5f81c5765989d9,AWAITING REVIEW,2022-12-14T22:39:25.194000Z,2022-12-14T22:58:09.270000Z,,2022-12-14T22:58:09.637062Z,1125,CZELI6JD,598,English,Ambidextrous,31,Male,Other,United States,United States,United States,English,No,Unemployed (and job seeking)
639a507aa68f8626c371408c,5f898a035298a803c5a7b8d1,AWAITING REVIEW,2022-12-14T22:38:57.583000Z,2022-12-14T22:50:55.381000Z,,2022-12-14T22:50:55.797043Z,718,CZELI6JD,1356,English,Left-handed,33,Female,Mixed,Guyana,United States,United States,English,DATA_EXPIRED,DATA_EXPIRED
639a51bb3224de368681cb8e,5c958b7bd676900001e1a73b,AWAITING REVIEW,2022-12-14T22:52:08.465000Z,2022-12-14T23:07:05.934000Z,,2022-12-14T23:07:06.336010Z,898,CZELI6JD,430,English,Ambidextrous,24,Female,White,United States,United States,United States,English,No,Full-Time
639a51efd736677231bfc36f,60ddf5abb47cc02285793096,AWAITING REVIEW,2022-12-14T22:45:07.607000Z,2022-12-14T23:02:05.890000Z,,2022-12-14T23:02:06.296867Z,1019,CZELI6JD,1554,English,Left-handed,23,Female,White,United States,United States,United States,English,Yes,Part-Time
639a522c68e65c6c69d91ccf,5f49f3262a3d07563d14a7f1,AWAITING REVIEW,2022-12-14T22:46:07.829000Z,2022-12-14T23:01:11.010000Z,,2022-12-14T23:01:12.825440Z,904,CZELI6JD,2138,English,Left-handed,28,Male,White,United States,United States,United States,English,DATA_EXPIRED,DATA_EXPIRED
639a5252623603ede112e781,5b9dd322f074140001050095,AWAITING REVIEW,2022-12-14T22:47:03.422000Z,2022-12-14T23:00:56.234000Z,,2022-12-14T23:00:57.263214Z,833,CZELI6JD,1328,English,Left-handed,35,Female,White,United States,United States,United States,English,No,Other
639a52b9ebe995b932256691,60a55d4bb6bd9be6c95b89eb,AWAITING REVIEW,2022-12-14T22:48:28.121000Z,2022-12-14T23:02:10.668000Z,,2022-12-14T23:02:11.279733Z,823,CZELI6JD,2140,English,Left-handed,27,Female,DATA_EXPIRED,United States,United States,United States,English,DATA_EXPIRED,DATA_EXPIRED
639a52bc746261fc15daad4e,610d505ad461a3607f6ec804,AWAITING REVIEW,2022-12-14T22:48:31.336000Z,2022-12-14T23:00:10.319000Z,,2022-12-14T23:00:10.676252Z,699,CZELI6JD,2338,English,Left-handed,28,Male,White,United States,United States,United States,English,Yes,Full-Time
639a53925890b6e6bef318f4,5e4e844553bc702cdf68404d,AWAITING REVIEW,2022-12-14T22:57:25.017000Z,2022-12-14T23:20:49.659000Z,,2022-12-14T23:20:50.042640Z,1405,CZELI6JD,2751,English,Left-handed,23,Female,Black,United States,United States,United States,English,No,Unemployed (and job seeking)
639a5434f27ff167e4190cc4,594c1e5a9160cb00011d6474,AWAITING REVIEW,2022-12-14T22:54:47.582000Z,2022-12-14T23:10:30.389000Z,,2022-12-14T23:10:31.358151Z,943,CZELI6JD,1501,English,Left-handed,30,Male,White,United States,United States,United States,English,No,Part-Time
639a5480a04fa09d98317e9a,611bb1fb49fbb5b94a8b5e46,AWAITING REVIEW,2022-12-14T22:56:04.444000Z,2022-12-14T23:07:55.966000Z,,2022-12-14T23:07:56.360412Z,712,CZELI6JD,283,English,Left-handed,38,Female,White,United States,United States,United States,English,No,"Not in paid work (e.g. homemaker', 'retired or disabled)"
639a55164d807502ffafe658,5cd3ff1ac99584000199dd15,AWAITING REVIEW,2022-12-14T22:58:41.858000Z,2022-12-14T23:17:23.938000Z,,2022-12-14T23:17:24.363057Z,1123,CZELI6JD,540,English,Ambidextrous,36,Male,DATA_EXPIRED,United States,United States,United States,English,DATA_EXPIRED,DATA_EXPIRED
639a5517479612cb0781cbde,5b0cb441444cef0001ca5fbd,AWAITING REVIEW,2022-12-14T22:58:34.314000Z,2022-12-14T23:08:08.960000Z,,2022-12-14T23:08:09.367748Z,575,CZELI6JD,521,English,Ambidextrous,38,Male,White,United States,United States,United States,English,No,Full-Time
639a5535e19676b5c2d91cb1,5fbd371dc57ae80a38ba00c2,AWAITING REVIEW,2022-12-14T22:59:05.578000Z,2022-12-14T23:18:53.730000Z,,2022-12-14T23:18:54.076519Z,1189,CZELI6JD,585,"English, Japanese, Spanish",Ambidextrous,33,Male,Black,United States,United States,United States,English,No,DATA_EXPIRED
639a5544c1adda8389ab358e,5b5d13d25256470001bc5ef2,AWAITING REVIEW,2022-12-14T22:59:16.460000Z,2022-12-14T23:08:52.607000Z,,2022-12-14T23:08:53.018522Z,577,CZELI6JD,2011,English,Left-handed,27,Male,White,United States,United States,United States,English,No,Unemployed (and job seeking)
639a55926c39b2411c455cef,607778a26ff3de83125f50c5,AWAITING REVIEW,2022-12-14T23:00:37.758000Z,2022-12-14T23:10:57.449000Z,,2022-12-14T23:10:57.771759Z,620,CZELI6JD,84,English,Left-handed,36,Male,Asian,India,United States,United States,English,No,Other
639a562f344276a12959bc8c,628fde22d960fa7a63fb231d,AWAITING REVIEW,2022-12-14T23:03:17.952000Z,2022-12-14T23:30:12.226000Z,,2022-12-14T23:30:12.620085Z,1615,CZELI6JD,1577,English,Left-handed,38,Male,Black,United States,United States,United States,English,No,Full-Time
639a5654ed53c361d7317eff,5aa6e29435237b0001130d68,AWAITING REVIEW,2022-12-14T23:03:50.768000Z,2022-12-14T23:19:33.610000Z,,2022-12-14T23:19:33.938187Z,943,CZELI6JD,2824,"English, Chinese",Left-handed,27,Female,Asian,China,United States,United States,Chinese,No,Full-Time
639a56789325762e672d4e52,608349d97d46ab71fc6c7111,AWAITING REVIEW,2022-12-14T23:04:27.694000Z,2022-12-14T23:19:58.848000Z,,2022-12-14T23:19:59.275814Z,932,CZELI6JD,1550,English,Left-handed,39,Female,Mixed,United States,United States,United States,English,No,Full-Time
639a569c9a3d4ee7aa03c9ce,63222da004d65dff83fd1de4,AWAITING REVIEW,2022-12-14T23:05:04.348000Z,2022-12-14T23:35:15.273000Z,,2022-12-14T23:35:15.684204Z,1811,CZELI6JD,201,"English, Chinese",Ambidextrous,DATA_EXPIRED,Male,Mixed,United States,United States,United States,English,Yes,Full-Time
639a56a8d7d3e4db83e93869,6234b7dcc6c6e13d5121ad28,AWAITING REVIEW,2022-12-14T23:05:12.146000Z,2022-12-14T23:21:00.547000Z,,2022-12-14T23:21:00.876341Z,949,CZELI6JD,539,English,Left-handed,31,Male,Black,United States,United States,United States,English,No,Unemployed (and job seeking)
639a5702d75bf0fb3110ee6c,630d42ab004b0f34fcf4b52e,AWAITING REVIEW,2022-12-14T23:06:48.492000Z,2022-12-14T23:19:44.977000Z,,2022-12-14T23:19:45.346422Z,777,CZELI6JD,326,English,Ambidextrous,37,Male,White,United States,United States,United States,English,No,Full-Time
639a577f7c1605190e02f852,610898813e48dc2864965122,AWAITING REVIEW,2022-12-14T23:08:47.579000Z,2022-12-14T23:21:18.424000Z,,2022-12-14T23:21:18.807685Z,751,CZELI6JD,1851,English,Left-handed,26,Male,Mixed,United States,United States,United States,English,No,Unemployed (and job seeking)
639a57afd5f6bc231d9b039b,5d3cc9010e510a00013df6f6,AWAITING REVIEW,2022-12-14T23:09:37.633000Z,2022-12-14T23:22:47.372000Z,,2022-12-14T23:22:47.712931Z,790,CZELI6JD,3160,English,Ambidextrous,23,Male,Mixed,United States,United States,United States,English,Yes,Unemployed (and job seeking)
639a57c471bb09aa559cee00,60bfe979f044ae9801bac501,AWAITING REVIEW,2022-12-14T23:11:57.473000Z,2022-12-14T23:25:18.556000Z,,2022-12-14T23:25:21.004687Z,802,CZELI6JD,144,English,Left-handed,26,Male,White,United States,United States,United States,English,DATA_EXPIRED,DATA_EXPIRED
639a57cbf30740bdd0e0a17c,5bb8740a0cb04c00014f72e9,AWAITING REVIEW,2022-12-14T23:10:03.724000Z,2022-12-14T23:23:18.712000Z,,2022-12-14T23:23:19.042920Z,795,CZELI6JD,362,"English, Spanish",Left-handed,27,Female,White,United States,United States,United States,English,No,Full-Time
639a57f5dd2951417777a6b6,5c109903e6eb4e0001b29e44,AWAITING REVIEW,2022-12-14T23:10:48.324000Z,2022-12-14T23:25:19.711000Z,,2022-12-14T23:25:21.842239Z,872,CZELI6JD,919,English,Left-handed,30,Female,White,United States,United States,United States,English,No,Full-Time
639a581025cd73caf8e0db2f,60fdd7ce470f6c1005cb87cb,AWAITING REVIEW,2022-12-14T23:12:50.922000Z,2022-12-14T23:26:11.063000Z,,2022-12-14T23:26:31.345675Z,801,CZELI6JD,383,"English, Chinese",Left-handed,30,Female,White,United States,United States,United States,English,DATA_EXPIRED,DATA_EXPIRED
639a5889e5ef2d0317abb683,5fb0a3d6a8e4224b973e750b,AWAITING REVIEW,2022-12-14T23:13:18.838000Z,2022-12-14T23:49:08.463000Z,,2022-12-14T23:49:09.052937Z,2150,CZELI6JD,1931,"English, Spanish",Left-handed,24,Male,White,United States,United States,United States,English,No,Part-Time
639a5931f39cae9ced03c989,637eb25c87f98741f9619017,AWAITING REVIEW,2022-12-14T23:16:01.081000Z,2022-12-14T23:31:46.168000Z,,2022-12-14T23:31:46.542361Z,946,CZELI6JD,159,English,Left-handed,18,Male,Asian,United States,United States,United States,English,Yes,Other
639a5964afc410b280d02e0a,5ef42ba59401801d9f859e2d,AWAITING REVIEW,2022-12-14T23:16:55.439000Z,2022-12-14T23:48:39.943000Z,,2022-12-14T23:48:40.318011Z,1905,CZELI6JD,1683,English,Ambidextrous,39,Male,White,United States,United States,United States,English,DATA_EXPIRED,DATA_EXPIRED
639a5984a9db1db1039cee2b,5d1e2045a37a4d001a1fc2cb,AWAITING REVIEW,2022-12-14T23:17:24.920000Z,2022-12-14T23:36:03.866000Z,,2022-12-14T23:36:04.660410Z,1119,CZELI6JD,3557,English,Left-handed,23,Male,Black,United States,United States,United States,English,No,Unemployed (and job seeking)
639a599026d999d31a7140d7,60e1d5f866e681d7e33fd01c,AWAITING REVIEW,2022-12-14T23:17:40.360000Z,2022-12-14T23:46:15.930000Z,,2022-12-14T23:46:16.250357Z,1716,CZELI6JD,1517,"English, Spanish",Left-handed,39,Female,White,United States,United States,United States,English,Yes,Part-Time
639a59e703cdb50862ab3593,62eee9fbde439d5853ce2efb,AWAITING REVIEW,2022-12-14T23:19:09.174000Z,2022-12-14T23:31:36.301000Z,,2022-12-14T23:31:36.680803Z,748,CZELI6JD,284,English,Left-handed,21,Male,White,United States,United States,United States,English,Yes,Part-Time
639a5a3e6a238387342d4e4e,6348845d31edff3dff1b7799,AWAITING REVIEW,2022-12-14T23:30:24.382000Z,2022-12-14T23:39:50.863000Z,,2022-12-14T23:39:51.220639Z,567,CZELI6JD,420,English,Left-handed,23,Male,Asian,United States,United States,United States,English,No,Full-Time
639a5a3ed7936b983202f877,6323a90c380df6eb64255d6f,AWAITING REVIEW,2022-12-14T23:20:35.814000Z,2022-12-14T23:34:37.280000Z,,2022-12-14T23:34:37.700661Z,842,CZELI6JD,386,English,Left-handed,23,Female,White,United States,United States,United States,English,Yes,"Not in paid work (e.g. homemaker', 'retired or disabled)"
639a5aedb0156a4f33a078ab,6110a371c00388d587922ff1,AWAITING REVIEW,2022-12-14T23:23:31.650000Z,2022-12-14T23:37:23.109000Z,,2022-12-14T23:37:23.519641Z,832,CZELI6JD,776,English,Left-handed,35,Female,White,United States,United States,United States,English,No,Unemployed (and job seeking)
639a5b0671922a70231b58b8,5ea9d795dec14d13eb7af3d9,AWAITING REVIEW,2022-12-14T23:23:53.607000Z,2022-12-14T23:37:13.665000Z,,2022-12-14T23:37:14.048670Z,801,NOCODE,1929,English,Left-handed,32,Male,Mixed,United States,United States,United States,English,No,DATA_EXPIRED
639a5b17c15e782865bd7efb,633d785ff76adb41addde965,AWAITING REVIEW,2022-12-14T23:24:10.697000Z,2022-12-14T23:36:33.016000Z,,2022-12-14T23:36:33.733892Z,743,CZELI6JD,214,English,Left-handed,39,Male,White,United States,United States,United States,English,No,DATA_EXPIRED
639a5b30d42417883060244a,5df2f36b617219204de98060,AWAITING REVIEW,2022-12-14T23:25:34.522000Z,2022-12-14T23:43:14.475000Z,,2022-12-14T23:43:38.694942Z,1060,CZELI6JD,485,English,Left-handed,30,Male,Mixed,United States,United States,United States,English,Yes,Full-Time
639a5b3704aafc13bd12e7ae,62c3430ae19d78462af9e743,AWAITING REVIEW,2022-12-14T23:24:44.255000Z,2022-12-14T23:56:31.301000Z,,2022-12-14T23:56:31.760905Z,1908,CZELI6JD,1118,English,Ambidextrous,37,Male,White,United States,United States,United States,English,No,Full-Time
639a5b46c1fbc0858eaf4937,5effca0389eb590c6eed8d4d,AWAITING REVIEW,2022-12-14T23:24:57.531000Z,2022-12-14T23:38:41.170000Z,,2022-12-14T23:38:41.556547Z,824,NOCODE,1762,English,Left-handed,20,Male,Mixed,United States,United States,United States,English,No,Part-Time
639a5c66d185d758f5190c77,634ef87aec0966557c825573,AWAITING REVIEW,2022-12-14T23:31:45.860000Z,2022-12-15T00:04:01.823000Z,,2022-12-15T00:04:06.405445Z,1936,CZELI6JD,439,English,Ambidextrous,29,Female,White,United States,United States,United States,English,No,"Not in paid work (e.g. homemaker', 'retired or disabled)"
639a5c8574eb0544079b0364,60ed0e7149a025da16189d35,AWAITING REVIEW,2022-12-14T23:30:16.228000Z,2022-12-14T23:42:36.498000Z,,2022-12-14T23:42:38.781410Z,741,CZELI6JD,428,English,Ambidextrous,28,Male,White,DATA_EXPIRED,United States,United States,English,DATA_EXPIRED,DATA_EXPIRED
639a5cab3f65cfe03d256696,6150af603e26f4482fedf8d9,AWAITING REVIEW,2022-12-14T23:30:56.065000Z,2022-12-14T23:46:50.633000Z,,2022-12-14T23:46:51.019490Z,955,CZELI6JD,1571,English,Ambidextrous,40,Male,Mixed,United States,United States,United States,English,No,Full-Time
639a5cc0ff1e94cd2e2693a5,55beec67fdf99b6b670922f8,AWAITING REVIEW,2022-12-14T23:31:15.175000Z,2022-12-14T23:43:19.144000Z,,2022-12-14T23:43:24.739885Z,724,CZELI6JD,225,English,Left-handed,36,Male,White,United States,United States,United States,English,No,Part-Time
639a5cc99666dc46f310ee0e,60d099f849987e86824eedcd,AWAITING REVIEW,2022-12-14T23:31:24.278000Z,2022-12-14T23:46:17.072000Z,,2022-12-14T23:46:17.435059Z,893,CZELI6JD,1219,English,Left-handed,32,Female,White,United States,United States,United States,English,No,Full-Time
639a5d611f9560d4f7ae7290,5bcc60b95c2b810001dc68e2,AWAITING REVIEW,2022-12-14T23:41:12.930000Z,2022-12-14T23:57:36.450000Z,,2022-12-14T23:57:36.858288Z,984,CZELI6JD,3011,"English, Spanish",Left-handed,27,Male,White,United States,United States,United States,English,No,Full-Time
639a5dcd4bfc1e1fc1abb69e,6296849bbd45e6accf130f07,AWAITING REVIEW,2022-12-14T23:35:44.253000Z,2022-12-14T23:47:43.265000Z,,2022-12-14T23:47:43.680735Z,720,CZELI6JD,213,"English, Spanish",Ambidextrous,30,Male,White,United States,United States,United States,English,No,DATA_EXPIRED
639a5e1b3fd3ce1098d02e6c,6168cbfbad1cc13ba73ade6e,AWAITING REVIEW,2022-12-14T23:37:02.830000Z,2022-12-15T00:12:07.129000Z,,2022-12-15T00:12:07.584698Z,2105,CZELI6JD,1267,English,Ambidextrous,28,Male,White,United States,United States,United States,English,No,Full-Time
639a5ec938bf07cd68af4920,632f7d0761bce49001d13953,AWAITING REVIEW,2022-12-14T23:40:01.756000Z,2022-12-15T00:09:16.125000Z,,2022-12-15T00:09:16.538065Z,1755,CZELI6JD,375,English,Left-handed,39,Male,White,United States,United States,United States,English,No,Part-Time
639a5ecae57f0d94d4f318a4,629e241d171ec6698e05f149,AWAITING REVIEW,2022-12-14T23:40:11.378000Z,2022-12-14T23:51:15.730000Z,,2022-12-14T23:51:16.078752Z,665,CZELI6JD,1257,English,Left-handed,27,Male,Asian,United States,United States,United States,English,No,Full-Time
639a5ecd17509aabbddaad52,5a348ea750833c0001ee9550,AWAITING REVIEW,2022-12-14T23:40:01.052000Z,2022-12-14T23:58:45.260000Z,,2022-12-14T23:58:45.616098Z,1125,CZELI6JD,1793,English,Ambidextrous,35,Female,White,United States,United States,United States,English,No,DATA_EXPIRED
639a5f35e4b9b86525d02e0b,614e0825d40616c90ebc1d49,AWAITING REVIEW,2022-12-14T23:41:44.602000Z,2022-12-14T23:52:03.045000Z,,2022-12-14T23:52:03.396616Z,619,CZELI6JD,2066,English,Left-handed,34,Male,Mixed,United States,United States,United States,English,Yes,Full-Time
639a5f857d20d28634f3190b,5eb6df62c23fbf5e87db6b4b,AWAITING REVIEW,2022-12-14T23:43:04.746000Z,2022-12-14T23:55:10.337000Z,,2022-12-14T23:55:10.735691Z,726,CZELI6JD,1699,English,Left-handed,31,Female,White,United States,United States,United States,English,No,Full-Time
639a5f9cdc8a6501f5455d34,6018a5c0e1600b187ccb8693,AWAITING REVIEW,2022-12-14T23:43:24.986000Z,2022-12-15T00:08:57.017000Z,,2022-12-15T00:08:57.429232Z,1533,CZELI6JD,1767,English,Left-handed,25,Male,Asian,United States,United States,United States,English,Yes,Full-Time
639a5fe0731cdf4622abb658,5caa7f8c0d95570013d82f2f,AWAITING REVIEW,2022-12-14T23:45:02.106000Z,2022-12-14T23:57:43.344000Z,,2022-12-14T23:57:43.783879Z,762,CZELI6JD,2350,"English, Spanish",Ambidextrous,33,Female,Other,United States,United States,United States,English,DATA_EXPIRED,DATA_EXPIRED
639a6006ecde07c410afe644,6100544802b385d8df434779,AWAITING REVIEW,2022-12-14T23:45:17.711000Z,2022-12-14T23:58:06.800000Z,,2022-12-14T23:58:07.181762Z,770,CZELI6JD,109,English,Left-handed,23,Female,Asian,United States,United States,United States,English,Yes,Other
639a601e3227632e449b03ab,5c8974ef34daa70015e92daf,RETURNED,2022-12-14T23:45:44.489000Z,2022-12-14T23:50:19.893000Z,,2022-12-14T23:50:20.303000Z,,CZELI6JD,2927,CONSENT_REVOKED,CONSENT_REVOKED,CONSENT_REVOKED,CONSENT_REVOKED,CONSENT_REVOKED,CONSENT_REVOKED,CONSENT_REVOKED,CONSENT_REVOKED,CONSENT_REVOKED,CONSENT_REVOKED,CONSENT_REVOKED
639a6022741f818e4b455d45,5cab7cc86d3a6e001519d9e9,AWAITING REVIEW,2022-12-14T23:45:40.205000Z,2022-12-15T00:01:04.246000Z,,2022-12-15T00:02:44.280159Z,925,CZELI6JD,1429,English,Left-handed,34,Male,White,United States,United States,United States,English,DATA_EXPIRED,"Not in paid work (e.g. homemaker', 'retired or disabled)"
639a607b9cca5a0d6ad91d19,58935d5d4d77be0001689f14,AWAITING REVIEW,2022-12-14T23:47:07.554000Z,2022-12-14T23:56:33.007000Z,,2022-12-14T23:56:33.399972Z,566,CZELI6JD,540,English,Left-handed,32,Male,White,United States,United States,United States,English,No,Part-Time
639a60bcf93f092a6812e7ca,633f63a85f73534dbcfa5ae5,AWAITING REVIEW,2022-12-14T23:48:15.557000Z,2022-12-14T23:54:17.878000Z,,2022-12-14T23:54:18.296398Z,363,CZELI6JD,253,English,Left-handed,30,Male,White,United States,United States,United States,English,Yes,Due to start a new job within the next month
639a613884a53e2d2b1b5938,631e3ba1714b8e7f8fe9338d,AWAITING REVIEW,2022-12-14T23:51:36.418000Z,2022-12-15T00:07:14.303000Z,,2022-12-15T00:07:14.717273Z,938,CZELI6JD,648,English,Left-handed,38,Male,White,United States,United States,United States,English,No,Part-Time
639a616e03b7173c9be93880,5f6b8930b9d9530b1b065360,AWAITING REVIEW,2022-12-14T23:51:13.432000Z,2022-12-15T00:06:04.692000Z,,2022-12-15T00:06:05.066177Z,892,CZELI6JD,1863,"English, Spanish",Left-handed,40,Male,White,United States,United States,United States,English,No,Full-Time
639a617add46c78c7612e76b,62911ef14fd68295d60ba83b,AWAITING REVIEW,2022-12-14T23:53:16.360000Z,2022-12-15T00:23:48.760000Z,,2022-12-15T00:23:49.070315Z,1833,CZELI6JD,1248,"English, Spanish",Ambidextrous,30,Male,White,United States,United States,United States,English,No,Full-Time
639a617e00816ca2e359bc4c,636577d277247b6a9c0dc54c,AWAITING REVIEW,2022-12-14T23:51:41.926000Z,2022-12-15T00:02:58.190000Z,,2022-12-15T00:03:44.249099Z,677,CZELI6JD,312,English,Left-handed,39,Male,White,United States,United States,United States,English,No,Full-Time
639a618ff785cefc4e7140da,628510a698e9e63b21ef9139,AWAITING REVIEW,2022-12-14T23:51:45.990000Z,2022-12-15T00:03:43.611000Z,,2022-12-15T00:03:52.402924Z,718,CZELI6JD,1060,English,Ambidextrous,30,Male,White,United States,United States,United States,English,No,Full-Time
639a61932edce1c19e2693d5,612e91f6654fd2227289c863,AWAITING REVIEW,2022-12-14T23:51:51.449000Z,2022-12-15T00:02:55.177000Z,,2022-12-15T00:03:44.039813Z,664,CZELI6JD,2090,English,Ambidextrous,32,Male,White,United States,United States,United States,English,No,Full-Time
639a61dc97e906477602f88c,56fa002e8425ef000b3a4276,AWAITING REVIEW,2022-12-14T23:53:00.128000Z,2022-12-15T00:14:19.828000Z,,2022-12-15T00:14:20.250243Z,1280,CZELI6JD,4495,"English, Spanish",Left-handed,34,Male,White,United States,United States,United States,English,No,Full-Time
639a61ea601f62069b77a6ca,5e1b9951be8d633cb531644c,AWAITING REVIEW,2022-12-14T23:53:15.647000Z,2022-12-15T00:07:08.708000Z,,2022-12-15T00:07:09.138049Z,834,CZELI6JD,1493,English,Left-handed,26,Male,Black,United States,United States,United States,English,Yes,Full-Time
639a6243926edb0e533c0654,603d6ae665fbaacb5621ede2,AWAITING REVIEW,2022-12-14T23:54:43.901000Z,2022-12-15T00:31:03.173000Z,,2022-12-15T00:31:03.783563Z,2180,CZELI6JD,995,"Dutch, English, French, Korean, Japanese, Spanish",Left-handed,25,Male,Black,United States,United States,United States,English,No,Full-Time
639a6274f25cc75dcd1b58d7,6045267ffa48c161ab686843,AWAITING REVIEW,2022-12-14T23:55:32.966000Z,2022-12-15T00:10:58.386000Z,,2022-12-15T00:10:59.727327Z,926,CZELI6JD,667,English,Left-handed,20,Male,White,United States,United States,United States,English,Yes,Full-Time
639a62e7877ab8b313bfc346,61741ba984f258d5c6a1303c,AWAITING REVIEW,2022-12-14T23:57:29.332000Z,2022-12-15T00:08:48.320000Z,,2022-12-15T00:08:49.496363Z,679,CZELI6JD,1066,"English, Spanish",Left-handed,25,Male,White,United States,United States,United States,English,DATA_EXPIRED,DATA_EXPIRED
639a6327d513ce6d911b58b6,5b48a9e14acd54000132a67f,AWAITING REVIEW,2022-12-14T23:58:35.113000Z,2022-12-15T00:09:27.352000Z,,2022-12-15T00:09:27.828426Z,653,CZELI6JD,1266,English,Ambidextrous,38,Male,White,United States,United States,United States,English,No,Full-Time
639a63b607a257dbbfecbc9b,610047b6625158629496c7cd,AWAITING REVIEW,2022-12-15T00:00:57.849000Z,2022-12-15T00:10:02.769000Z,,2022-12-15T00:10:03.180381Z,545,CZELI6JD,605,English,Ambidextrous,25,Female,White,United States,United States,United States,English,Yes,Full-Time
639a63b9ce15229fc281cbc4,628fb69f72e574bb9a8c1a47,AWAITING REVIEW,2022-12-15T00:00:59.464000Z,2022-12-15T00:12:03.795000Z,,2022-12-15T00:12:04.216238Z,665,CZELI6JD,1425,"English, French, Finnish",Ambidextrous,37,Male,White,United States,United States,United States,English,No,Full-Time
639a63cdae4ab2f051af493c,5e753ccd65c9670a250a019b,AWAITING REVIEW,2022-12-15T00:01:19.771000Z,2022-12-15T00:13:33.020000Z,,2022-12-15T00:13:33.407288Z,734,CZELI6JD,379,English,Left-handed,23,Female,Black,United States,United States,United States,English,DATA_EXPIRED,DATA_EXPIRED
639a63d302a26b6b8b59130e,5cbb78d664170f00011d7c4f,AWAITING REVIEW,2022-12-15T00:08:03.545000Z,2022-12-15T00:46:37.168000Z,,2022-12-15T00:46:37.470186Z,2314,CZELI6JD,1733,English,Ambidextrous,26,Female,White,United States,United States,United States,English,No,Full-Time
639a6425877ab8b313bfc35b,611b38dea7f1754225fa39bf,AWAITING REVIEW,2022-12-15T00:02:50.156000Z,2022-12-15T00:13:11.217000Z,,2022-12-15T00:13:11.529718Z,622,CZELI6JD,1550,English,Left-handed,22,Female,White,United States,United States,United States,English,No,DATA_EXPIRED
639a648cf94bd2959210ee35,5d76d2f7daf4bf00164d585b,AWAITING REVIEW,2022-12-15T00:04:28.202000Z,2022-12-15T00:29:28.027000Z,,2022-12-15T00:29:28.414790Z,1500,CZELI6JD,2925,English,Ambidextrous,28,Female,White,United States,United States,United States,English,No,Full-Time
639a64f302a26b6b8b591329,5aadbe52811b2000016f7633,AWAITING REVIEW,2022-12-15T00:06:14.387000Z,2022-12-15T00:20:43.762000Z,,2022-12-15T00:20:44.151311Z,870,CZELI6JD,2914,English,Left-handed,36,Male,White,United States,United States,United States,English,DATA_EXPIRED,DATA_EXPIRED
639a661ce5f3774355daad59,627a7fc214142c6f228e84fb,AWAITING REVIEW,2022-12-15T00:11:11.486000Z,2022-12-15T00:25:29.229000Z,,2022-12-15T00:25:29.556167Z,858,CZELI6JD,352,English,Left-handed,26,Female,White,United States,United States,United States,English,Yes,"Not in paid work (e.g. homemaker', 'retired or disabled)"
639a662905530972dcafe643,5e6d07de9cf1952cdc94bf61,AWAITING REVIEW,2022-12-15T00:11:30.342000Z,2022-12-15T00:33:47.665000Z,,2022-12-15T00:33:48.169649Z,1338,NOCODE,1218,English,Left-handed,31,Female,White,United States,United States,United States,English,No,Full-Time
639a667aafa13510caafe69a,614bbf1e7de43dee7386fe3f,AWAITING REVIEW,2022-12-15T00:17:21.017000Z,2022-12-15T01:07:03.266000Z,,2022-12-15T01:07:03.630398Z,2983,CZELI6JD,1371,English,Ambidextrous,27,Male,White,United States,United States,United States,English,No,Full-Time
639a66d4f0f5aa2bb1afd9b5,62e0c93d54972f434349eda3,AWAITING REVIEW,2022-12-15T00:14:15.107000Z,2022-12-15T00:42:19.217000Z,,2022-12-15T00:42:19.658791Z,1685,CZELI6JD,678,English,Left-handed,28,Female,White,United States,United States,United States,English,No,Full-Time
639a673ff285e1b99bbfc324,5f504fd2cc049d1cbf29c40d,AWAITING REVIEW,2022-12-15T00:21:22.010000Z,2022-12-15T00:42:55.320000Z,,2022-12-15T00:42:55.679733Z,1294,CZELI6JD,3704,English,Ambidextrous,29,Male,Black,United States,United States,United States,English,No,Full-Time
639a676d441cf388c3afe67a,60fd9531d59bcac5313f6345,AWAITING REVIEW,2022-12-15T00:16:49.045000Z,2022-12-15T00:29:00.446000Z,,2022-12-15T00:29:00.854416Z,732,CZELI6JD,441,English,Left-handed,23,Female,Asian,United States,United States,United States,English,Yes,Unemployed (and job seeking)
639a67ae372e00d8ac190c86,6153226d04ed5dce3aaa9703,AWAITING REVIEW,2022-12-15T00:17:52.948000Z,2022-12-15T00:32:02.692000Z,,2022-12-15T00:32:03.069108Z,850,CZELI6JD,653,"English, Russian",Left-handed,24,Male,White,United States,United States,United States,English,No,Full-Time
639a68609254575101ab352c,602a8f9033061909d48b1d04,AWAITING REVIEW,2022-12-15T00:20:51.212000Z,2022-12-15T00:32:27.262000Z,,2022-12-15T00:32:27.609978Z,697,CZELI6JD,744,"English, French, Japanese",Ambidextrous,20,Female,White,United States,United States,United States,English,No,Full-Time
639a686a4aa3e646f8256670,62dd2f0668b37a65531fae67,AWAITING REVIEW,2022-12-15T00:22:46.769000Z,2022-12-15T00:37:50.063000Z,,2022-12-15T00:37:50.601687Z,904,CZELI6JD,974,English,Left-handed,39,Male,White,United States,United States,United States,English,No,Full-Time
639a6971f3a8c77d52317e84,58a43e029a17120001d910d5,AWAITING REVIEW,2022-12-15T00:25:46.533000Z,2022-12-15T00:57:22.285000Z,,2022-12-15T00:57:22.766214Z,1896,CZELI6JD,4615,English,Left-handed,39,Female,White,United States,United States,United States,English,No,Full-Time
639a69eeb5c04cdfc3afd99b,5f3d6975ef131710ed519c7a,AWAITING REVIEW,2022-12-15T00:27:32.595000Z,2022-12-15T00:32:04.644000Z,,2022-12-15T00:32:05.562815Z,273,CZELI6JD,2404,English,Left-handed,33,Male,Mixed,United States,United States,United States,English,No,Full-Time
639a6adee5b87e135110ee36,5e0a434b8676812de85037c3,AWAITING REVIEW,2022-12-15T00:34:22.608000Z,2022-12-15T00:52:02.636000Z,,2022-12-15T00:52:02.959752Z,1061,CZELI6JD,722,English,Left-handed,33,Male,White,United States,United States,United States,English,No,Full-Time
639a6c2696728714a959bc40,565bdfcec121fe0012fc3897,AWAITING REVIEW,2022-12-15T00:37:02.402000Z,2022-12-15T01:02:51.798000Z,,2022-12-15T01:02:52.172890Z,1550,NOCODE,652,English,Left-handed,28,Female,Black,United States,United States,United States,English,No,"Not in paid work (e.g. homemaker', 'retired or disabled)"
639a6c776b49e1a582afd97e,5b5c8d4e10aec90001ed4bee,AWAITING REVIEW,2022-12-15T00:38:24.914000Z,2022-12-15T00:47:34.135000Z,,2022-12-15T00:47:34.505812Z,550,CZELI6JD,3092,English,Left-handed,23,Female,White,United States,United States,United States,English,No,Full-Time
639a6ce84aa3e646f82566b7,5fea9f4983f6afa8281acf14,AWAITING REVIEW,2022-12-15T00:40:12.310000Z,2022-12-15T00:54:28.050000Z,,2022-12-15T00:54:28.423431Z,856,NOCODE,359,English,Left-handed,28,Male,White,United States,United States,United States,English,No,Full-Time
639a6d2ab826190972bd7f11,5cd063ce657e300016f6c95a,AWAITING REVIEW,2022-12-15T00:41:16.677000Z,2022-12-15T00:53:33.529000Z,,2022-12-15T00:53:33.947099Z,737,CZELI6JD,3435,English,Left-handed,31,Male,Mixed,United States,United States,United States,English,No,DATA_EXPIRED
639a6dfaab3c284a3d2d4e52,5f4c722074dfe876eaa57716,AWAITING REVIEW,2022-12-15T00:44:45.780000Z,2022-12-15T00:50:36.933000Z,,2022-12-15T00:50:37.314473Z,352,CZELI6JD,224,English,Left-handed,30,Female,White,United States,United States,United States,English,No,Part-Time
639a6e115febe2a1fdabb6c2,638e39edc03272bc8071cbb6,AWAITING REVIEW,2022-12-15T00:45:09.339000Z,2022-12-15T00:56:13.089000Z,,2022-12-15T00:56:13.499288Z,664,CZELI6JD,32,"English, Spanish",Left-handed,28,Female,Other,United States,United States,United States,English,No,Full-Time
639a6f55245bfc5d18317eda,6068f61c52d7168e0c8b049f,AWAITING REVIEW,2022-12-15T00:51:08.452000Z,2022-12-15T01:04:13.005000Z,,2022-12-15T01:04:13.385964Z,785,CZELI6JD,1176,English,Left-handed,35,Female,White,United States,United States,United States,English,No,Full-Time
639a6f6ee3bf5f3e9dafd95e,60b7d18beb67181cd97d7ac5,AWAITING REVIEW,2022-12-15T00:51:01.275000Z,2022-12-15T01:03:11.548000Z,,2022-12-15T01:03:11.920237Z,731,CZELI6JD,978,English,Left-handed,36,Male,White,United States,United States,United States,English,Yes,Full-Time
639a6fb05dffc66e19455cf0,5e4a1730c94447480594cea4,AWAITING REVIEW,2022-12-15T00:52:04.471000Z,2022-12-15T01:09:29.184000Z,,2022-12-15T01:09:29.493797Z,1045,CZELI6JD,2349,English,Ambidextrous,35,Female,White,United States,United States,United States,English,No,Full-Time
639a6fc48e33bc7623f318d3,5fc150bd290b5717801b5821,AWAITING REVIEW,2022-12-15T00:52:22.365000Z,2022-12-15T01:05:16.039000Z,,2022-12-15T01:05:16.430967Z,774,CZELI6JD,282,English,Ambidextrous,19,Female,White,United States,United States,United States,English,Yes,Part-Time
639a6fecb38f29c38dd91cc0,62c396eed1893e06fdad4574,AWAITING REVIEW,2022-12-15T00:53:04.920000Z,2022-12-15T01:04:47.490000Z,,2022-12-15T01:04:47.861171Z,703,CZELI6JD,832,English,Ambidextrous,22,Male,Black,United States,United States,United States,English,No,Full-Time
639a6ffef2ef1d86e625666c,5aee513f3606ab0001b92b29,AWAITING REVIEW,2022-12-15T00:53:22.008000Z,2022-12-15T01:04:29.029000Z,,2022-12-15T01:04:29.767649Z,668,CZELI6JD,732,English,Left-handed,37,Male,White,United States,United States,United States,English,No,Part-Time
639a70f47d52d8a6e359bc62,6154a88b71a7f4347658b0f7,AWAITING REVIEW,2022-12-15T00:57:48.283000Z,2022-12-15T01:19:00.991000Z,,2022-12-15T01:19:01.343125Z,1273,CZELI6JD,488,"Rather not say, English",Ambidextrous,19,Female,Mixed,United States,United States,United States,English,No,Full-Time
639a70f58440cefdd71b58e6,5d7e7207461e51001c5c236c,AWAITING REVIEW,2022-12-15T00:57:29.297000Z,2022-12-15T01:10:55.357000Z,,2022-12-15T01:10:55.766024Z,807,CZELI6JD,2331,English,Left-handed,24,Male,Asian,United States,United States,United States,English,No,Unemployed (and job seeking)
639a7122884f31218a6d947d,568eca7be3ef9e000ca208fc,AWAITING REVIEW,2022-12-15T00:58:14.498000Z,2022-12-15T01:10:03.346000Z,,2022-12-15T01:10:03.678503Z,709,CZELI6JD,709,English,Ambidextrous,27,Male,White,United States,United States,United States,English,DATA_EXPIRED,DATA_EXPIRED
639a715da35d9c110b317ea0,5c2a92b4b8e5f900015b3f58,AWAITING REVIEW,2022-12-15T00:59:13.765000Z,2022-12-15T01:11:37.860000Z,,2022-12-15T01:11:38.255983Z,745,NOCODE,1507,"German, English",Left-handed,31,Female,White,Germany,United States,United States,German,No,Full-Time
639a71fc6118e0521a9b0390,6138de7da0cd911868bd8d03,AWAITING REVIEW,2022-12-15T01:03:13.719000Z,2022-12-15T01:14:18.861000Z,,2022-12-15T01:14:19.238936Z,666,CZELI6JD,2173,English,Left-handed,31,Female,White,United States,United States,United States,English,No,Full-Time
639a72225cf1a13828f318f2,610f7244c65ae4e57858a700,AWAITING REVIEW,2022-12-15T01:02:53.090000Z,2022-12-15T01:19:50.849000Z,,2022-12-15T01:19:51.220740Z,1018,CZELI6JD,290,English,Left-handed,21,Female,Black,United States,United States,United States,English,Yes,DATA_EXPIRED
639a72a1951d474e98bfc37b,5e455faf462e0802d9d9c3e2,AWAITING REVIEW,2022-12-15T01:04:36.988000Z,2022-12-15T01:26:47.445000Z,,2022-12-15T01:26:47.784912Z,1331,CZELI6JD,1764,"English, Spanish",Left-handed,28,Male,White,United States,United States,United States,English,No,Unemployed (and job seeking)
639a72cc669ec0b30b77a6de,62713a003caa3feec5c6a0ba,AWAITING REVIEW,2022-12-15T01:05:19.016000Z,2022-12-15T01:14:34.366000Z,,2022-12-15T01:14:34.677051Z,556,CZELI6JD,142,English,Ambidextrous,31,Male,White,United States,United States,United States,English,No,Other
639a747834f1ba69b82d4e82,5fc3d41149c0c8728f07b95b,AWAITING REVIEW,2022-12-15T01:12:59.960000Z,2022-12-15T01:27:57.238000Z,,2022-12-15T01:27:57.603355Z,898,CZELI6JD,3517,English,Left-handed,31,Male,White,United States,United States,United States,English,No,Full-Time
639a75ffe75b5164f012e7b6,62dccf664ff0895a60cfdda2,AWAITING REVIEW,2022-12-15T01:18:58.260000Z,2022-12-15T01:26:58.657000Z,,2022-12-15T01:26:58.978204Z,481,CZELI6JD,317,English,Left-handed,37,Male,White,United States,United States,United States,English,No,Unemployed (and job seeking)
639a7620fdf1312af92d4e6d,630dd0429f7ec338d28e2de1,AWAITING REVIEW,2022-12-15T01:19:35.029000Z,2022-12-15T01:35:28.041000Z,,2022-12-15T01:35:28.402611Z,954,CZELI6JD,50,English,Left-handed,37,Male,Mixed,United States,United States,United States,English,No,Full-Time
639a765f894cd68794190c74,5d467b03da637a00154b9507,AWAITING REVIEW,2022-12-15T01:20:34.082000Z,2022-12-15T01:47:59.618000Z,,2022-12-15T01:47:59.957222Z,1646,CZELI6JD,75,English,Left-handed,21,Male,Black,United States,United States,United States,English,Yes,Unemployed (and job seeking)
639a7715329b7cdab09b03cf,60e2600a329d5ebfcb54b413,AWAITING REVIEW,2022-12-15T01:23:48.328000Z,2022-12-15T01:40:14.620000Z,,2022-12-15T01:40:15.014735Z,987,CZELI6JD,305,English,Left-handed,27,Female,Black,United States,United States,United States,English,No,DATA_EXPIRED
639a77549c66c0206c1b5913,6171125c1d572c106f10824e,AWAITING REVIEW,2022-12-15T01:24:41.739000Z,2022-12-15T01:36:08.129000Z,,2022-12-15T01:36:08.562982Z,687,CZELI6JD,1390,English,Ambidextrous,38,Female,White,United States,United States,United States,English,No,"Not in paid work (e.g. homemaker', 'retired or disabled)"
639a7765979c16e0ecbfc32a,56b8de29e1d0a200051517f8,AWAITING REVIEW,2022-12-15T01:24:58.898000Z,2022-12-15T01:38:00.202000Z,,2022-12-15T01:38:00.574965Z,782,CZELI6JD,157,"English, Korean",Left-handed,40,Female,Asian,Korea,United States,United States,English,No,DATA_EXPIRED
639a7776fb58c5e257afd984,62ea3271cc6c19525f896495,AWAITING REVIEW,2022-12-15T01:25:14.203000Z,2022-12-15T01:28:41.147000Z,,2022-12-15T01:28:41.554892Z,207,CZELI6JD,440,English,Left-handed,31,Male,White,United States,United States,United States,English,No,Other
639a77ec9c66c0206c1b5923,6330aa1c7f5f79e3707b7ea6,AWAITING REVIEW,2022-12-15T01:27:13.700000Z,2022-12-15T01:39:38.164000Z,,2022-12-15T01:39:38.524987Z,745,CZELI6JD,506,English,Left-handed,29,Male,Other,United States,United States,United States,English,Yes,Full-Time
639a7853fce337e59410ee1c,5ebb96b6cd673a0008ace9ce,AWAITING REVIEW,2022-12-15T01:33:35.821000Z,2022-12-15T02:27:50.085000Z,,2022-12-15T02:27:50.525912Z,3255,CZELI6JD,3150,English,Ambidextrous,25,Male,Asian,United States,United States,United States,Bengali,Yes,Other
639a786bfdf1312af92d4e96,5ef4b8cf1f15df0ae9c7a706,AWAITING REVIEW,2022-12-15T01:29:18.150000Z,2022-12-15T01:50:41.040000Z,,2022-12-15T01:50:42.129240Z,1283,CZELI6JD,2859,"English, Japanese",Ambidextrous,29,Male,Asian,United States,United States,United States,Vietnamese,No,Full-Time
639a78874ef99d981eecbcae,6102dacce29b57b1e268c13a,AWAITING REVIEW,2022-12-15T01:29:45.760000Z,2022-12-15T01:40:58.825000Z,,2022-12-15T01:40:59.160019Z,674,CZELI6JD,997,English,Left-handed,23,Female,White,United States,United States,United States,English,No,Full-Time
639a78cb9e14ea6023f318f5,5af309960eca060001b15b47,AWAITING REVIEW,2022-12-15T01:30:55.886000Z,2022-12-15T01:45:29.978000Z,,2022-12-15T01:45:30.563939Z,875,CZELI6JD,903,English,Left-handed,25,Male,White,United States,United States,United States,English,No,Full-Time
639a79a806c99a8cc62d4e3c,6340b7955ab968e4426eb476,AWAITING REVIEW,2022-12-15T01:34:34.412000Z,2022-12-15T01:44:58.276000Z,,2022-12-15T01:44:58.687110Z,624,CZELI6JD,321,English,Left-handed,27,Male,White,United States,United States,United States,English,No,Part-Time
639a7cbce9986d63bd02f887,55ae64defdf99b3f864653e7,AWAITING REVIEW,2022-12-15T01:47:45.993000Z,2022-12-15T01:59:26.896000Z,,2022-12-15T01:59:27.272635Z,701,CZELI6JD,1027,English,Left-handed,26,Female,White,United States,United States,United States,English,No,Full-Time
639a7ce6f072060cfabfc326,5e683c4d6ca0f9000d3f35fe,AWAITING REVIEW,2022-12-15T01:48:24.317000Z,2022-12-15T02:07:26.281000Z,,2022-12-15T02:07:26.674597Z,1142,CZELI6JD,3127,English,Left-handed,34,Male,White,United States,United States,United States,English,No,Full-Time
639a7d686ec26d1b4f256666,6049273b7b4f029ba1c44e6b,AWAITING REVIEW,2022-12-15T01:50:42.873000Z,2022-12-15T02:04:16.737000Z,,2022-12-15T02:04:17.099442Z,814,CZELI6JD,627,English,Left-handed,22,Female,White,United States,United States,United States,English,Yes,Other
639a7d6b6cc180025dae728f,6060a822ebad58844bb482f1,AWAITING REVIEW,2022-12-15T01:50:41.106000Z,2022-12-15T02:05:41.150000Z,,2022-12-15T02:05:41.450129Z,901,CZELI6JD,1144,English,Left-handed,33,Female,White,United States,United States,United States,English,Yes,Full-Time
639a7e6fc9eacf3436afd9bf,5fa4f94e535f3b1aa628e0ab,AWAITING REVIEW,2022-12-15T01:54:55.307000Z,2022-12-15T02:12:29.171000Z,,2022-12-15T02:12:29.515895Z,1054,CZELI6JD,2719,"English, Vietnamese",Left-handed,29,Male,Asian,United States,United States,United States,Vietnamese,DATA_EXPIRED,DATA_EXPIRED
639a7f145f78697da6abb6af,5dcb685070d51c8275d7bd54,AWAITING REVIEW,2022-12-15T01:57:41.664000Z,2022-12-15T02:12:03.495000Z,,2022-12-15T02:12:03.892751Z,862,CZELI6JD,729,English,Left-handed,26,Male,White,United States,United States,United States,English,DATA_EXPIRED,DATA_EXPIRED
639a7fe070c673f458f318ad,6091ab55ea2e97910519f8e7,AWAITING REVIEW,2022-12-15T02:01:08.375000Z,2022-12-15T02:15:08.911000Z,,2022-12-15T02:15:10.131013Z,841,CZELI6JD,2635,English,Left-handed,28,Female,Black,United States,United States,United States,English,Yes,Full-Time
639a80e74bf9768fa059bc2f,6060cc2bf9ba38d90b1a6f12,AWAITING REVIEW,2022-12-15T02:05:30.186000Z,2022-12-15T02:16:31.866000Z,,2022-12-15T02:16:32.229531Z,662,CZELI6JD,1645,English,Left-handed,20,Male,Asian,United States,United States,United States,English,Yes,Part-Time
639a810854122b3e34afd960,5d296b94d7d4940015e62ca6,AWAITING REVIEW,2022-12-15T02:06:05.132000Z,2022-12-15T02:18:46.049000Z,,2022-12-15T02:18:46.352925Z,761,CZELI6JD,142,English,Ambidextrous,34,Female,Mixed,United States,United States,United States,English,Yes,Part-Time
639a821297e45dc6d5afe668,5fa4c21a04bc5912180291bc,AWAITING REVIEW,2022-12-15T02:10:32.982000Z,2022-12-15T03:12:04.823000Z,,2022-12-15T03:12:05.135739Z,3692,CZELI6JD,3083,"English, Spanish",Left-handed,40,Male,Black,United States,United States,United States,English,No,Full-Time
639a82b342ce5807487140e2,60ff5f95b4b604bb19bd526a,AWAITING REVIEW,2022-12-15T02:13:08.812000Z,2022-12-15T02:26:23.668000Z,,2022-12-15T02:26:24.273726Z,795,CZELI6JD,604,English,Left-handed,21,Female,White,United States,United States,United States,English,Yes,Full-Time
639a84fb1c799287b59cee22,6172cf92f2ea6613f717abb6,AWAITING REVIEW,2022-12-15T02:22:55.141000Z,2022-12-15T02:33:56.434000Z,,2022-12-15T02:33:57.111907Z,662,CZELI6JD,925,English,Ambidextrous,28,Male,White,United States,United States,United States,English,No,Full-Time
639a868900539a184b9cee75,5f2dad07a2eef40aaef6edb6,AWAITING REVIEW,2022-12-15T02:29:29.694000Z,2022-12-15T02:42:04.024000Z,,2022-12-15T02:42:04.343798Z,755,CZELI6JD,1146,English,Left-handed,21,Female,Asian,United States,United States,United States,English,Yes,Unemployed (and job seeking)
639a8715d262179fe96d942b,62354223d36eda662355a9c0,AWAITING REVIEW,2022-12-15T02:31:58.511000Z,2022-12-15T02:44:52.205000Z,,2022-12-15T02:44:53.301472Z,774,CZELI6JD,846,English,Left-handed,40,Male,White,United States,United States,United States,English,No,Full-Time
639a881dfc6852c654f318b0,5484949efdf99b0379939cc6,AWAITING REVIEW,2022-12-15T02:36:16.054000Z,2022-12-15T02:47:08.594000Z,,2022-12-15T02:47:08.991413Z,653,CZELI6JD,3531,English,Left-handed,38,Male,White,United States,United States,United States,English,No,DATA_EXPIRED
639a885ed3d63afc63d02e2c,610735660c7ea715d047205b,AWAITING REVIEW,2022-12-15T02:37:20.709000Z,2022-12-15T02:48:09.963000Z,,2022-12-15T02:48:10.285327Z,650,CZELI6JD,441,English,Left-handed,24,Female,White,United States,United States,United States,English,DATA_EXPIRED,DATA_EXPIRED
639a88d74a458a54912d4e6a,600dcdff34fef66077146d8e,AWAITING REVIEW,2022-12-15T02:39:22.790000Z,2022-12-15T02:56:35.462000Z,,2022-12-15T02:56:35.861992Z,1033,CZELI6JD,3271,English,Left-handed,24,Male,White,United States,United States,United States,English,No,Full-Time
639a89688f2d801dd81b58df,62ecae2ce56ea262113d808d,AWAITING REVIEW,2022-12-15T02:41:47.553000Z,2022-12-15T02:52:23.410000Z,,2022-12-15T02:52:23.816897Z,636,CZELI6JD,719,English,Ambidextrous,22,Male,Asian,United States,United States,United States,English,Yes,Unemployed (and job seeking)
639a8a3accde5c4be86d9445,62bb23c919ebfd3b0448e942,AWAITING REVIEW,2022-12-15T02:45:17.756000Z,2022-12-15T03:02:42.376000Z,,2022-12-15T03:02:42.694844Z,1045,CZELI6JD,458,English,Left-handed,32,Male,Asian,United States,United States,United States,Chinese,No,Full-Time
639a8a5062532558086b8788,61188057fe5a395476806c12,AWAITING REVIEW,2022-12-15T02:45:40.430000Z,2022-12-15T02:55:24.360000Z,,2022-12-15T02:55:24.761197Z,584,CZELI6JD,380,English,Left-handed,31,Female,White,United States,United States,United States,English,DATA_EXPIRED,DATA_EXPIRED
639a8b279027bcab5bafd982,594a969df0ea1b0001558178,AWAITING REVIEW,2022-12-15T02:49:11.779000Z,2022-12-15T03:01:24.889000Z,,2022-12-15T03:01:25.700129Z,734,CZELI6JD,484,English,Left-handed,30,Male,White,United States,United States,United States,English,No,Full-Time
639a8e0b8507345542ecbca2,6113ffbf45e79bc2769db74c,AWAITING REVIEW,2022-12-15T03:02:09.312000Z,2022-12-15T03:16:54.455000Z,,2022-12-15T03:16:54.856891Z,886,CZELI6JD,1704,English,Ambidextrous,22,Female,Black,Nigeria,United States,United States,English,Yes,Part-Time
639a8e9b818097f0de81cbcd,5e544727059e3744ccdd4c3b,AWAITING REVIEW,2022-12-15T03:03:58.014000Z,2022-12-15T03:18:05.017000Z,,2022-12-15T03:18:05.384057Z,848,CZELI6JD,2363,English,Left-handed,32,Female,Black,United States,United States,United States,English,No,DATA_EXPIRED
639a8f25047d9e92662566b4,583748dafb65a0000128b059,AWAITING REVIEW,2022-12-15T03:08:32.930000Z,2022-12-15T03:20:40.721000Z,,2022-12-15T03:20:45.534229Z,728,CZELI6JD,1401,"English, Spanish",Left-handed,39,Male,Other,United States,United States,United States,English,No,Full-Time
639a9489830d5ac1a2e0daf9,614d673e3a5fd5cb2b5b6eb7,AWAITING REVIEW,2022-12-15T03:29:17.973000Z,2022-12-15T03:41:46.853000Z,,2022-12-15T03:41:47.248982Z,749,CZELI6JD,1031,English,Left-handed,22,Female,White,United States,United States,United States,English,Yes,Unemployed (and job seeking)
639a94aa7b650a45c3d02e59,6303fb5b692c378ba1d010f9,AWAITING REVIEW,2022-12-15T03:29:49.911000Z,2022-12-15T03:42:00.157000Z,,2022-12-15T03:42:00.470008Z,731,CZELI6JD,267,"English, German, Spanish",Ambidextrous,32,Male,White,United States,United States,United States,English,No,Full-Time
639a94dbd0c60ca0e4afe641,615001d094ff3a75f45b36b0,RETURNED,2022-12-15T03:30:38.785000Z,2022-12-15T03:32:56.628000Z,,2022-12-15T03:32:56.971000Z,,CZELI6JD,1580,CONSENT_REVOKED,CONSENT_REVOKED,CONSENT_REVOKED,CONSENT_REVOKED,CONSENT_REVOKED,CONSENT_REVOKED,CONSENT_REVOKED,CONSENT_REVOKED,CONSENT_REVOKED,CONSENT_REVOKED,CONSENT_REVOKED
639a96dfcf1f9d13b9ab359f,62df4f5f6812864868e9ea66,AWAITING REVIEW,2022-12-15T03:39:13.781000Z,2022-12-15T03:52:53.844000Z,,2022-12-15T03:52:54.170219Z,821,CZELI6JD,651,English,Left-handed,21,Male,White,United Kingdom,United States,United States,English,Yes,Part-Time
639a98f7d41cb6514410ee11,5dedf0483711364928753ecd,AWAITING REVIEW,2022-12-15T03:48:07.802000Z,2022-12-15T04:03:30.325000Z,,2022-12-15T04:03:30.659546Z,923,CZELI6JD,2594,"English, Korean",Left-handed,37,Male,Asian,United States,United States,United States,English,No,Full-Time
639a9bb9c272850a12190ca6,6306f070d4f94e56cb544400,AWAITING REVIEW,2022-12-15T03:59:57.129000Z,2022-12-15T04:11:17.163000Z,,2022-12-15T04:11:17.536390Z,681,CZELI6JD,378,English,Left-handed,31,Male,White,United States,United States,United States,English,No,"Not in paid work (e.g. homemaker', 'retired or disabled)"
639aa0c3e4196b5adbbd7ee4,6337b9604370dd57643b81a0,AWAITING REVIEW,2022-12-15T04:21:29.090000Z,2022-12-15T04:34:52.387000Z,,2022-12-15T04:34:52.731109Z,804,CZELI6JD,424,English,Left-handed,31,Male,White,United States,United States,United States,English,No,Full-Time
639aa2d9ee8dbe85a6ab359d,631bb11a022ba038ef69e7b1,AWAITING REVIEW,2022-12-15T04:30:17.242000Z,2022-12-15T04:49:40.249000Z,,2022-12-15T04:49:40.609258Z,1164,CZELI6JD,369,"English, Japanese",Left-handed,21,Male,White,United States,United States,United States,English,No,Unemployed (and job seeking)
639aa3c380caf2b3fad02e6e,631a1f357c56acbb68d5dc14,AWAITING REVIEW,2022-12-15T04:40:22.949000Z,2022-12-15T04:57:39.062000Z,,2022-12-15T04:57:39.505116Z,1037,CZELI6JD,675,English,Left-handed,33,Female,White,United States,United States,United States,English,No,"Not in paid work (e.g. homemaker', 'retired or disabled)"
639aa56e6f694dd972f318af,6089714497c6a46ebdf12234,AWAITING REVIEW,2022-12-15T04:41:22.291000Z,2022-12-15T04:53:29.534000Z,,2022-12-15T04:53:29.921830Z,728,CZELI6JD,1835,English,Ambidextrous,27,Female,White,United States,United States,United States,English,No,Unemployed (and job seeking)
639aa5db03037d880f269387,6146adbeaabe03f64697f9ab,AWAITING REVIEW,2022-12-15T04:43:09.853000Z,2022-12-15T04:54:39.218000Z,,2022-12-15T04:54:39.635488Z,690,CZELI6JD,155,English,Left-handed,22,Female,White,United States,United States,United States,English,No,Unemployed (and job seeking)
639aa68524c70e8df1ae729a,60ec54c58f88686dadb1a0c9,AWAITING REVIEW,2022-12-15T04:45:59.950000Z,2022-12-15T04:58:30.210000Z,,2022-12-15T04:58:30.585931Z,751,CZELI6JD,2331,English,Left-handed,33,Male,White,United States,United States,United States,English,DATA_EXPIRED,DATA_EXPIRED
639aacfc97c877380eabb680,62dfdd3c61b792d28de9d0e3,AWAITING REVIEW,2022-12-15T05:13:34.046000Z,2022-12-15T05:31:01.775000Z,,2022-12-15T05:31:02.149809Z,1048,CZELI6JD,578,"Arabic, English",Ambidextrous,29,Male,White,United States,United States,United States,English,No,Other
639aae99a177139f9d02f857,5ccba9db385fbf0001f55fd6,AWAITING REVIEW,2022-12-15T05:20:28.925000Z,2022-12-15T05:34:13.355000Z,,2022-12-15T05:34:13.759949Z,825,CZELI6JD,1039,English,Left-handed,35,Female,White,United States,United States,United States,English,Yes,Unemployed (and job seeking)
639ab1b7388dc7c5f5bd7ee6,5d7850851841fc0001e9c64d,AWAITING REVIEW,2022-12-15T05:33:47.338000Z,2022-12-15T05:44:27.663000Z,,2022-12-15T05:44:28.014344Z,641,CZELI6JD,317,English,Left-handed,32,Female,White,United States,United States,United States,English,No,Full-Time
639ab2a1c675a5b294e0a141,5dceeba4144b510411fb4566,AWAITING REVIEW,2022-12-15T05:37:48.878000Z,2022-12-15T05:59:45.738000Z,,2022-12-15T05:59:46.075017Z,1317,CZELI6JD,1303,"English, German",Left-handed,37,Female,White,United States,United States,United States,English,DATA_EXPIRED,Full-Time
639ab70af967bc9d78f31900,5ae3a41d32ef52000131a531,AWAITING REVIEW,2022-12-15T05:56:28.721000Z,2022-12-15T06:10:16.171000Z,,2022-12-15T06:10:16.520968Z,828,CZELI6JD,3115,English,Ambidextrous,24,Male,Black,United States,United States,United States,English,No,Full-Time
639ab77ac8938ce5b660248a,6091ebb375f9f6e9e1acaef8,AWAITING REVIEW,2022-12-15T05:58:23.361000Z,2022-12-15T06:18:06.557000Z,,2022-12-15T06:18:06.919646Z,1184,CZELI6JD,2380,"English, Spanish",Ambidextrous,22,Male,White,United States,United States,United States,Spanish,Yes,Full-Time
639ab7de60f93b5d15591315,5ced82e372abf2000174775e,AWAITING REVIEW,2022-12-15T06:00:04.037000Z,2022-12-15T06:13:06.616000Z,,2022-12-15T06:13:07.016197Z,783,CZELI6JD,249,English,Ambidextrous,29,Female,White,United States,United States,United States,French,Yes,Full-Time
639ab7f9eb707d676c591310,61007d09430c3904b407fabb,AWAITING REVIEW,2022-12-15T06:00:27.384000Z,2022-12-15T06:13:13.861000Z,,2022-12-15T06:13:14.328065Z,767,CZELI6JD,148,English,Left-handed,21,Female,Asian,United States,United States,United States,English,Yes,DATA_EXPIRED
639ac0bfbebd79cd5c3c064c,5bc0ac845a09ea00012e2d30,AWAITING REVIEW,2022-12-15T06:37:54.373000Z,2022-12-15T06:48:20.153000Z,,2022-12-15T06:48:20.536067Z,626,CZELI6JD,1746,English,Left-handed,35,Female,White,United States,United States,United States,English,No,DATA_EXPIRED
639ac1c486747e5b0f9cee62,62d8e75cba698660a22802c7,AWAITING REVIEW,2022-12-15T06:44:18.587000Z,2022-12-15T06:56:34.307000Z,,2022-12-15T06:56:34.714785Z,736,CZELI6JD,695,English,Left-handed,20,Male,White,United States,United States,United States,English,No,Due to start a new job within the next month
639ac2ce57d7175bf4ab356b,5d332957d0635b00013bd785,AWAITING REVIEW,2022-12-15T06:46:39.962000Z,2022-12-15T06:58:26.002000Z,,2022-12-15T06:58:26.341992Z,707,CZELI6JD,3146,"English, Japanese",Ambidextrous,27,Male,White,United States,United States,United States,English,No,Full-Time
639ac3329f86adc938bfc360,63615e9372b4e1caf8f9585b,AWAITING REVIEW,2022-12-15T06:48:24.918000Z,2022-12-15T07:00:22.176000Z,,2022-12-15T07:00:22.572189Z,718,CZELI6JD,4,English,Left-handed,18,Male,White,United States,United States,United States,English,Yes,"Not in paid work (e.g. homemaker', 'retired or disabled)"
639acceb06a23d06e677a67c,5dd91a879dac7c8a7a36fecf,AWAITING REVIEW,2022-12-15T07:29:49.154000Z,2022-12-15T07:41:50.246000Z,,2022-12-15T07:41:52.714505Z,722,CZELI6JD,296,English,Ambidextrous,26,Male,DATA_EXPIRED,United States,United States,United States,English,DATA_EXPIRED,DATA_EXPIRED
639acd0bd64c349adbafd974,6119ccaad19b17d52526b724,AWAITING REVIEW,2022-12-15T07:30:21.877000Z,2022-12-15T07:40:43.086000Z,,2022-12-15T07:40:43.517410Z,622,CZELI6JD,1365,English,Left-handed,25,Female,White,United States,United States,United States,English,No,Full-Time
639ad491052810992daf48f4,5c4e3977c0783c00016936f9,AWAITING REVIEW,2022-12-15T08:02:35.976000Z,2022-12-15T08:18:50.982000Z,,2022-12-15T08:18:51.293587Z,976,CZELI6JD,144,English,Ambidextrous,28,Male,White,United States,United States,United States,English,DATA_EXPIRED,DATA_EXPIRED
639ad9a3069331acd6256679,62ecb2993d7ecd89154af5d4,AWAITING REVIEW,2022-12-15T08:24:52.387000Z,2022-12-15T08:41:15.717000Z,,2022-12-15T08:41:16.022979Z,984,CZELI6JD,542,English,Ambidextrous,28,Female,White,United States,United States,United States,English,No,Other
639ae068ffb870ee1d2d4e52,61612338ddccab2e68b3e3cc,AWAITING REVIEW,2022-12-15T08:53:14.106000Z,2022-12-15T09:45:16.284000Z,,2022-12-15T09:45:16.648297Z,3123,CZELI6JD,66,English,Left-handed,32,Female,White,United States,United States,United States,English,No,Part-Time
639ae07282ff6d7099d02e71,5bf28a086d4c3e00014410f7,AWAITING REVIEW,2022-12-15T08:55:23.935000Z,2022-12-15T09:07:09.198000Z,,2022-12-15T09:07:09.561912Z,706,CZELI6JD,1446,English,Left-handed,22,Male,Black,United States,United States,United States,English,No,Unemployed (and job seeking)
639af55130f1ad9c87ecbc93,57ff0e138f420f00011a5d0e,AWAITING REVIEW,2022-12-15T10:22:14.677000Z,2022-12-15T10:32:18.700000Z,,2022-12-15T10:32:19.133368Z,605,CZELI6JD,153,English,Ambidextrous,25,Male,White,United States,United States,United States,English,Yes,Full-Time
639b0db981e33e194c2693b0,5786d6076475d400015a959e,AWAITING REVIEW,2022-12-15T12:11:05.670000Z,2022-12-15T12:26:00.959000Z,,2022-12-15T12:26:02.078954Z,896,CZELI6JD,2703,"English, French",Left-handed,37,Male,White,United States,United States,United States,English,No,Full-Time
639b14e8ddfabcad1aabb675,6063a680ba3790e15ab14ba9,AWAITING REVIEW,2022-12-15T12:36:58.616000Z,2022-12-15T12:51:26.825000Z,,2022-12-15T12:51:27.226242Z,869,CZELI6JD,1758,English,Ambidextrous,39,Female,White,United States,United States,United States,English,No,DATA_EXPIRED
639b16da56bf2a50d959bc8b,611118b967515e93dcf141f1,AWAITING REVIEW,2022-12-15T12:45:22.755000Z,2022-12-15T12:56:23.685000Z,,2022-12-15T12:56:24.012421Z,661,CZELI6JD,263,English,Left-handed,21,Male,Mixed,United States,United States,United States,English,No,Unemployed (and job seeking)
639b1720bda45369f910ee1e,53c04378fdf99b360e022d92,AWAITING REVIEW,2022-12-15T12:46:27.734000Z,2022-12-15T13:00:20.982000Z,,2022-12-15T13:00:21.386440Z,834,CZELI6JD,852,English,Ambidextrous,26,Female,White,United States,United States,United States,English,No,Full-Time
639b17e02951554f1ea078b9,62a885d5b6af18b3d4579e1b,AWAITING REVIEW,2022-12-15T12:49:38.510000Z,2022-12-15T13:07:41.062000Z,,2022-12-15T13:07:41.394911Z,1083,CZELI6JD,1162,English,Ambidextrous,30,Male,Mixed,United States,United States,United States,English,Yes,Full-Time
639b1b96af8c60f24ae0a139,5eecf1789af5910cfeb71b53,AWAITING REVIEW,2022-12-15T13:05:29.284000Z,2022-12-15T13:17:12.401000Z,,2022-12-15T13:17:12.801904Z,704,CZELI6JD,1412,English,Left-handed,21,Female,White,United States,United States,United States,English,Yes,Part-Time
639b1efe878198461ee1dab3,5f48c192be8b6224c26c3e50,AWAITING REVIEW,2022-12-15T13:20:02.215000Z,2022-12-15T13:33:35.125000Z,,2022-12-15T13:33:36.609864Z,813,CZELI6JD,2061,English,Left-handed,39,Female,White,United States,United States,United States,English,No,Part-Time
639b20ddf9f8fd3b9a12e7b8,60737b97d01c3800e734921d,AWAITING REVIEW,2022-12-15T13:28:00.439000Z,2022-12-15T13:40:09.023000Z,,2022-12-15T13:40:09.589725Z,729,CZELI6JD,1445,English,Left-handed,30,Male,Mixed,United States,United States,United States,English,No,Full-Time
639b210dc00e6e8015e93845,6330e50102d0e9d363d139b2,AWAITING REVIEW,2022-12-15T13:28:54.020000Z,2022-12-15T13:49:43.726000Z,,2022-12-15T13:49:44.234419Z,1250,CZELI6JD,405,English,Left-handed,30,Male,White,United States,United States,United States,English,No,Full-Time
639b222c3d0850b1afab3555,6310b35d758f80e9cf3f4e41,AWAITING REVIEW,2022-12-15T13:33:38.256000Z,2022-12-15T13:49:33.687000Z,,2022-12-15T13:49:34.087988Z,956,CZELI6JD,347,English,Ambidextrous,20,Female,White,United States,United States,United States,English,No,"Not in paid work (e.g. homemaker', 'retired or disabled)"
639b2562917ac0cbe11050b0,57d0a0bee3221e00015fe385,AWAITING REVIEW,2022-12-15T13:47:18.611000Z,2022-12-15T13:59:36.229000Z,,2022-12-15T13:59:36.601101Z,738,CZELI6JD,4382,"English, French, Spanish",Left-handed,38,Male,Other,United States,United States,United States,English,No,Full-Time
639b2dd28d22165dd0269389,5f3847dff97940117558fe41,AWAITING REVIEW,2022-12-15T14:23:16.848000Z,2022-12-15T14:47:10.847000Z,,2022-12-15T14:47:11.195959Z,1434,CZELI6JD,443,"English, Italian",Ambidextrous,28,Male,White,United States,United States,United States,English,Yes,Other
639b2f5c73a0c37336afd962,5be31629e69dde0001a2fdd3,AWAITING REVIEW,2022-12-15T14:29:51.762000Z,2022-12-15T14:44:03.314000Z,,2022-12-15T14:44:04.405427Z,852,CZELI6JD,491,"English, Spanish",Left-handed,29,Female,White,United States,United States,United States,English,Yes,Unemployed (and job seeking)
639b32b344ee2516d636dfb2,62a0b34cbcc5987a8fa73c39,AWAITING REVIEW,2022-12-15T14:44:06.804000Z,2022-12-15T14:53:39.471000Z,,2022-12-15T14:53:39.842395Z,573,CZELI6JD,520,English,Ambidextrous,32,Male,White,United States,United States,United States,English,No,DATA_EXPIRED
639b34f8a730e355652d4e73,58f76757fb4d7500014af761,AWAITING REVIEW,2022-12-15T14:53:49.434000Z,2022-12-15T15:16:21.424000Z,,,1352,CZELI6JD,772,English,Left-handed,30,Female,White,United States,United States,United States,English,No,DATA_EXPIRED
639b35c61bd935af915912fd,62349b2406ea604d296bd69d,AWAITING REVIEW,2022-12-15T14:57:16.634000Z,2022-12-15T15:10:33.990000Z,,2022-12-15T15:10:34.390302Z,798,CZELI6JD,623,English,Ambidextrous,32,Female,White,United States,United States,United States,English,No,Full-Time
639b3d95544d461e836d9467,5e63e793e50a6316a75213c4,AWAITING REVIEW,2022-12-15T15:34:25.410000Z,2022-12-15T15:47:31.714000Z,,2022-12-15T15:47:32.238822Z,787,CZELI6JD,1692,English,Ambidextrous,32,Male,White,United States,United States,United States,English,No,DATA_EXPIRED
639b3f31d2fae3ead9e93844,5f500418133110165a1539a9,AWAITING REVIEW,2022-12-15T15:37:36.154000Z,2022-12-15T15:50:57.975000Z,,2022-12-15T15:50:58.363489Z,802,CZELI6JD,1608,English,Left-handed,26,Female,Black,United States,United States,United States,English,No,Full-Time
639b42538a4ddfe1438980a3,5f94a8e7fa8c422fc88940b0,AWAITING REVIEW,2022-12-15T15:50:43.620000Z,2022-12-15T16:03:04.901000Z,,2022-12-15T16:03:07.889814Z,742,CZELI6JD,1156,English,Left-handed,30,Male,White,United States,United States,United States,English,DATA_EXPIRED,DATA_EXPIRED
639b444257d9f77f432ffe7f,611285de4477f8152efce6e8,AWAITING REVIEW,2022-12-15T15:59:00.406000Z,2022-12-15T16:15:31.458000Z,,2022-12-15T16:15:31.848760Z,992,CZELI6JD,736,"English, Spanish",Left-handed,38,Female,Mixed,United States,United States,United States,Spanish,No,Unemployed (and job seeking)
639b47b3da8834aa9569e0bc,61019ecfc479810360afbd54,AWAITING REVIEW,2022-12-15T16:13:45.620000Z,2022-12-15T16:26:22.114000Z,,2022-12-15T16:26:22.556367Z,757,CZELI6JD,215,English,Ambidextrous,22,Female,White,United States,United States,United States,English,DATA_EXPIRED,DATA_EXPIRED
639b47f8fc7c1823ccab3522,62d09418cbdaeabefbbf9893,AWAITING REVIEW,2022-12-15T16:14:51.802000Z,2022-12-15T16:34:45.693000Z,,2022-12-15T16:34:46.357694Z,1194,CZELI6JD,350,"English, Spanish",Ambidextrous,39,Male,White,United States,United States,United States,English,No,Full-Time
639b4a4e86efadaac7ff41ab,5a35ecbf57d4450001236fd3,AWAITING REVIEW,2022-12-15T16:24:49.961000Z,2022-12-15T16:36:36.888000Z,,2022-12-15T16:36:37.271024Z,707,CZELI6JD,1528,English,Left-handed,30,Male,White,United States,United States,United States,English,No,Part-Time
639b4e07d80a9c4e8371411a,5c28e9dfda51990001e3204b,AWAITING REVIEW,2022-12-15T16:40:43.059000Z,2022-12-15T16:53:32.508000Z,,2022-12-15T16:53:32.912983Z,770,CZELI6JD,1055,English,Left-handed,38,Female,White,United States,United States,United States,English,No,Full-Time
639b4fe25bc4d940fbaf4914,5e56a66121583601d3c3526a,AWAITING REVIEW,2022-12-15T16:48:37.985000Z,2022-12-15T17:15:32.358000Z,,2022-12-15T17:15:35.140857Z,1615,CZELI6JD,2874,"English, French, Hindi",Left-handed,27,Female,Asian,United States,United States,United States,English,Yes,Full-Time
639b52c7141ea19723d7119b,5fee2749ad8fba1104bd0f5b,AWAITING REVIEW,2022-12-15T17:01:01.524000Z,2022-12-15T17:19:46.030000Z,,2022-12-15T17:19:46.362244Z,1125,CZELI6JD,1159,English,Left-handed,34,Female,White,United States,United States,United States,English,DATA_EXPIRED,DATA_EXPIRED
639b5317af198078e61050af,5fc30c35704ddd267cc9123f,AWAITING REVIEW,2022-12-15T17:02:19.164000Z,2022-12-15T17:20:09.442000Z,,2022-12-15T17:20:09.855047Z,1071,CZELI6JD,1796,English,Left-handed,35,Female,White,United States,United States,United States,English,No,Full-Time
639b54d66ec67683ab69e0d1,570665aeac75a4000f94eddc,AWAITING REVIEW,2022-12-15T17:09:44.288000Z,2022-12-15T17:29:23.209000Z,,2022-12-15T17:29:23.575143Z,1179,CZELI6JD,1415,English,Left-handed,29,Female,Mixed,United States,United States,United States,English,No,Full-Time
639b550944679fab3fbfc324,5fed6c9c0d786daf31f29f3d,AWAITING REVIEW,2022-12-15T17:10:36.110000Z,2022-12-15T17:23:02.624000Z,,2022-12-15T17:23:03.035647Z,747,CZELI6JD,2177,"English, Vietnamese",Ambidextrous,35,Female,Asian,Vietnam,United States,United States,Vietnamese,No,"Not in paid work (e.g. homemaker', 'retired or disabled)"
639b58c9893e7012e0daad33,61729e07e7b9b645c1741ca9,AWAITING REVIEW,2022-12-15T17:26:42.390000Z,2022-12-15T17:41:25.667000Z,,2022-12-15T17:41:26.142865Z,884,CZELI6JD,552,English,Left-handed,21,Female,Black,United States,United States,United States,English,DATA_EXPIRED,DATA_EXPIRED
639b5c9690d8e8d0c0e0db38,6111782b298eff6c31853ea8,AWAITING REVIEW,2022-12-15T17:42:50.682000Z,2022-12-15T17:59:39.642000Z,,2022-12-15T17:59:39.980000Z,1009,CZELI6JD,881,English,Left-handed,27,Female,White,United States,United States,United States,English,No,Full-Time
639b5d326a2881f14b6b87d8,5c284ae48e845b0001fc40aa,AWAITING REVIEW,2022-12-15T17:45:27.560000Z,2022-12-15T18:07:40.427000Z,,2022-12-15T18:07:40.850734Z,1333,CZELI6JD,2264,English,Left-handed,37,Male,White,United States,United States,United States,English,No,DATA_EXPIRED
639b5dba97cca6800d08e8b7,5f3d42de03555c0832cbef73,AWAITING REVIEW,2022-12-15T17:47:44.058000Z,2022-12-15T18:01:39Z,,2022-12-15T18:01:42.846707Z,835,CZELI6JD,856,English,Ambidextrous,20,Female,White,United States,United States,United States,English,Yes,"Not in paid work (e.g. homemaker', 'retired or disabled)"
639b626ee16f3906b403c9f2,62aa26592478d039ddeaaa4c,AWAITING REVIEW,2022-12-15T18:07:46.229000Z,2022-12-15T18:20:26.220000Z,,2022-12-15T18:20:26.667332Z,760,CZELI6JD,301,English,Ambidextrous,31,Male,White,United States,United States,United States,English,No,Full-Time
639b63842677c717f23c069e,5fec281aeae543d80d09fbc0,AWAITING REVIEW,2022-12-15T18:12:23.791000Z,2022-12-15T18:23:57.837000Z,,2022-12-15T18:23:58.169187Z,695,CZELI6JD,231,English,Left-handed,31,Female,White,United States,United States,United States,English,No,Part-Time
639b646c67843d945d81cba3,5a01e188ab721b0001ef7134,AWAITING REVIEW,2022-12-15T18:16:18.498000Z,2022-12-15T18:32:23.815000Z,,2022-12-15T18:32:24.164264Z,966,CZELI6JD,1102,English,Left-handed,36,Male,White,United States,United States,United States,English,No,DATA_EXPIRED
639b660a0489f3d315af4963,602d71e6fe40c079523df438,AWAITING REVIEW,2022-12-15T18:23:10.436000Z,2022-12-15T18:36:35.349000Z,,2022-12-15T18:36:35.705531Z,805,CZELI6JD,483,English,Left-handed,36,Female,White,Germany,United States,United States,English,No,"Not in paid work (e.g. homemaker', 'retired or disabled)"
639b683602193f14de3c067f,612ba4bfee20a1ffc86116f9,AWAITING REVIEW,2022-12-15T18:32:25.307000Z,2022-12-15T18:47:37.917000Z,,2022-12-15T18:47:39.435541Z,913,CZELI6JD,1463,English,Left-handed,19,Female,White,United States,United States,United States,English,Yes,Part-Time
639b71425de0f6680a1b58cd,62ba9df7bf9e8e2ef0501f94,AWAITING REVIEW,2022-12-15T19:11:02.412000Z,2022-12-15T19:19:36.409000Z,,2022-12-15T19:19:36.774103Z,514,NOCODE,707,English,Left-handed,37,Male,White,United States,United States,United States,English,No,Part-Time
639b719e693ee9bd0d178809,5ff2240a2f567121402762e6,AWAITING REVIEW,2022-12-15T19:12:33.513000Z,2022-12-15T19:24:22.649000Z,,2022-12-15T19:24:23.036274Z,710,CZELI6JD,3635,English,Left-handed,32,Male,White,United States,United States,United States,English,DATA_EXPIRED,DATA_EXPIRED
639b75147c39da07a9317ea1,5f8120ed0c4ed61e386b4302,AWAITING REVIEW,2022-12-15T19:27:20.134000Z,2022-12-15T19:39:39.695000Z,,2022-12-15T19:39:40.919601Z,740,CZELI6JD,1470,"English, French",Left-handed,26,Female,White,United States,United States,United States,English,DATA_EXPIRED,DATA_EXPIRED
639b75ff6b8ecc70cce0db33,5d158f6419d2ed0001e2120c,AWAITING REVIEW,2022-12-15T19:31:14.850000Z,2022-12-15T19:41:48.439000Z,,2022-12-15T19:41:48.786039Z,634,CZELI6JD,635,English,Ambidextrous,19,Female,White,United States,United States,United States,English,No,"Not in paid work (e.g. homemaker', 'retired or disabled)"
639b7b1e18a89f90f06b879e,613e399e5615a34457efcb44,AWAITING REVIEW,2022-12-15T19:54:59.681000Z,2022-12-15T20:09:12.881000Z,,2022-12-15T20:09:13.297848Z,854,CZELI6JD,312,English,Left-handed,25,Male,Mixed,United States,United States,United States,English,DATA_EXPIRED,DATA_EXPIRED
639b7c3f54510b643281cba7,6285706b066c6502c413e9a3,AWAITING REVIEW,2022-12-15T19:57:55.163000Z,2022-12-15T20:11:28.419000Z,,2022-12-15T20:11:28.851018Z,814,CZELI6JD,213,English,Left-handed,26,Female,White,United States,United States,United States,English,No,Part-Time
639b7f9e92e6f5789ee0a134,6081adb85a8992a84093ed21,RETURNED,2022-12-15T20:12:18.111000Z,2022-12-15T20:34:48.739000Z,,2022-12-15T20:34:49.129000Z,,CZELI6JD,1035,CONSENT_REVOKED,CONSENT_REVOKED,CONSENT_REVOKED,CONSENT_REVOKED,CONSENT_REVOKED,CONSENT_REVOKED,CONSENT_REVOKED,CONSENT_REVOKED,CONSENT_REVOKED,CONSENT_REVOKED,CONSENT_REVOKED
639b7fe79da676fbc212e7b0,5dd984381096ea907a3272f2,AWAITING REVIEW,2022-12-15T20:13:29.353000Z,2022-12-15T20:23:34.249000Z,,2022-12-15T20:23:34.632229Z,605,CZELI6JD,549,English,Left-handed,21,Male,White,United States,United States,United States,English,Yes,Part-Time
639b837b60e6a8400aff41b0,62e2d5c238c450c3579dfa91,AWAITING REVIEW,2022-12-15T20:28:47.079000Z,2022-12-15T20:41:55.013000Z,,2022-12-15T20:41:55.384223Z,788,CZELI6JD,723,"English, Spanish",Left-handed,20,Male,White,United States,United States,United States,English,No,Part-Time
639b862b9b5ce3e2b7440177,5ed9711cfca3941553f2cfd8,AWAITING REVIEW,2022-12-15T20:40:13.594000Z,2022-12-15T20:55:22.644000Z,,2022-12-15T20:55:23.015292Z,910,CZELI6JD,608,English,Left-handed,34,Female,White,United States,United States,United States,English,No,Full-Time
639b871647b4d9470681cb92,6346dbb7ecb073d075e68282,AWAITING REVIEW,2022-12-15T20:44:09.541000Z,2022-12-15T20:58:27.698000Z,,2022-12-15T20:58:28.225902Z,859,NOCODE,201,English,Ambidextrous,33,Prefer not to say,Other,United States,United States,United States,English,No,Full-Time
639b89bcbb2684a4e83c0677,62f9fbc07e4fc1bfe47070e5,AWAITING REVIEW,2022-12-15T20:55:29.250000Z,2022-12-15T21:07:12.564000Z,,2022-12-15T21:07:13.009441Z,704,CZELI6JD,519,English,Ambidextrous,23,Male,White,United States,United States,United States,English,Yes,Full-Time
639b8b784f811fafbed91d05,612c365b952c2a5244a9bee6,AWAITING REVIEW,2022-12-15T21:02:51.260000Z,2022-12-15T21:15:49.625000Z,,2022-12-15T21:15:49.965970Z,779,CZELI6JD,607,English,Left-handed,27,Female,Mixed,United States,United States,United States,English,No,Unemployed (and job seeking)
639b8d4ee2476243b3ba68db,60ff8160e8f2227f8b200510,AWAITING REVIEW,2022-12-15T21:10:41.047000Z,2022-12-15T21:24:51.121000Z,,2022-12-15T21:24:51.450173Z,851,CZELI6JD,1997,"English, German, French, Spanish",Left-handed,28,Female,White,Luxembourg,United States,United States,English,No,Full-Time
639b8e57c13f618f992d4e4b,5d62ac66d989a40018236bbf,AWAITING REVIEW,2022-12-15T21:15:08.688000Z,2022-12-15T21:27:05.289000Z,,2022-12-15T21:27:05.662700Z,717,CZELI6JD,242,English,Ambidextrous,22,Male,White,United States,United States,United States,English,DATA_EXPIRED,DATA_EXPIRED
639b8ef058d9375266daad1e,6348295691ff6d632a509172,AWAITING REVIEW,2022-12-15T21:17:40.642000Z,2022-12-15T21:28:52.301000Z,,2022-12-15T21:28:52.618316Z,672,CZELI6JD,94,English,Left-handed,22,Female,White,United States,United States,United States,English,Yes,Unemployed (and job seeking)
639b91e1b9c8a905bbf0af3f,5ed856ab1f4a23368be98b1a,AWAITING REVIEW,2022-12-15T21:30:13.927000Z,2022-12-15T21:40:43.686000Z,,2022-12-15T21:40:44.099111Z,630,CZELI6JD,1189,English,Ambidextrous,22,Female,Mixed,United States,United States,United States,English,No,Part-Time
639b920bf3580f3823602459,5f91d9adb450ef0b0940c4bd,AWAITING REVIEW,2022-12-15T21:30:54.526000Z,2022-12-15T21:42:14.708000Z,,2022-12-15T21:42:15.101034Z,681,CZELI6JD,55,English,Ambidextrous,30,Male,White,United States,United States,United States,English,No,DATA_EXPIRED
639b96d644a9a68c2d36dfe3,5dcc5fee28e3148e8009491e,AWAITING REVIEW,2022-12-15T21:51:21.986000Z,2022-12-15T22:02:43.755000Z,,2022-12-15T22:02:44.089909Z,682,CZELI6JD,1320,English,Left-handed,24,Male,White,United States,United States,United States,English,No,Full-Time
639b9a9ce6ed0873492ffe9e,628fa9e1afc3de7797cb6e2f,AWAITING REVIEW,2022-12-15T22:11:37.335000Z,2022-12-15T22:35:06.780000Z,,2022-12-15T22:35:07.130558Z,1410,CZELI6JD,636,English,Left-handed,24,Male,Black,United States,United States,United States,English,DATA_EXPIRED,DATA_EXPIRED
639b9c4c35d532fd307140a1,60e5d47e17c05633eef565e3,AWAITING REVIEW,2022-12-15T22:14:37.912000Z,2022-12-15T22:25:14.449000Z,,2022-12-15T22:25:17.545030Z,637,CZELI6JD,1848,English,Left-handed,29,Male,White,United States,United States,United States,English,No,Full-Time
639b9cf886ca5d7bcae0a14c,5f99dafa8e84910baf8acc99,AWAITING REVIEW,2022-12-15T22:17:31.933000Z,2022-12-15T22:29:18.646000Z,,2022-12-15T22:29:19.023416Z,707,CZELI6JD,1477,English,Left-handed,26,Male,White,United States,United States,United States,English,Yes,Part-Time
639b9d6cb455fc948ea078a1,594c13bdb9380200018809c9,AWAITING REVIEW,2022-12-15T22:19:27.400000Z,2022-12-15T22:30:37.492000Z,,2022-12-15T22:30:37.981220Z,671,CZELI6JD,30,English,Left-handed,40,Male,White,United States,United States,United States,English,No,DATA_EXPIRED
639b9db4374ed093e2cb938d,5fea48067b84d356b168b452,AWAITING REVIEW,2022-12-15T22:20:40.116000Z,2022-12-15T22:33:40.284000Z,,2022-12-15T22:33:40.684415Z,781,CZELI6JD,323,English,Left-handed,22,Male,White,United States,United States,United States,English,Yes,"Not in paid work (e.g. homemaker', 'retired or disabled)"
639ba140dc8db39789591309,60fdc00564398d684985cd61,AWAITING REVIEW,2022-12-15T22:35:50.842000Z,2022-12-15T22:51:34.429000Z,,2022-12-15T22:51:34.797250Z,944,CZELI6JD,1304,English,Left-handed,36,Female,White,United States,United States,United States,English,DATA_EXPIRED,DATA_EXPIRED
639ba17d7aaaf11c2a440131,62e199458482518274623771,AWAITING REVIEW,2022-12-15T22:36:49.438000Z,2022-12-15T22:47:38.605000Z,,2022-12-15T22:47:39.015320Z,650,CZELI6JD,630,English,Ambidextrous,34,Male,White,United States,United States,United States,English,Yes,Unemployed (and job seeking)
639ba201a24443255510ee4a,5e276da673bc15084160abd3,AWAITING REVIEW,2022-12-15T22:39:01.995000Z,2022-12-15T22:52:33.038000Z,,2022-12-15T22:52:33.397197Z,812,CZELI6JD,161,"English, Spanish",Left-handed,24,Male,Other,United States,United States,United States,English,No,Unemployed (and job seeking)
639ba3841b31d6f6c736df93,5dbf704fa3f5cb40876271fc,AWAITING REVIEW,2022-12-15T22:45:28.176000Z,2022-12-15T23:17:20.997000Z,,2022-12-15T23:17:21.476766Z,1913,CZELI6JD,409,English,Left-handed,32,Female,White,United States,United States,United States,English,No,Unemployed (and job seeking)
639ba47ba0397ac895e0a146,62b4babe7f02be73f830f128,AWAITING REVIEW,2022-12-15T22:49:42.488000Z,2022-12-15T23:10:28.533000Z,,2022-12-15T23:10:28.974280Z,1247,CZELI6JD,867,English,Left-handed,40,Female,White,United States,United States,United States,English,No,Full-Time
639ba7afac28b8300f455ce9,5c92cda483617d0010bef1b8,AWAITING REVIEW,2022-12-15T23:03:14.068000Z,2022-12-15T23:25:38.016000Z,,2022-12-15T23:25:39.153765Z,1344,CZELI6JD,2258,"Chinese, English",Left-handed,32,Male,Asian,Vietnam,United States,United States,Chinese,DATA_EXPIRED,DATA_EXPIRED
639bab349541875e54d91d12,6112b593ca1b683da02678d3,AWAITING REVIEW,2022-12-15T23:18:19.464000Z,2022-12-15T23:36:02.826000Z,,2022-12-15T23:36:03.160619Z,1064,CZELI6JD,1010,English,Left-handed,21,Female,White,United States,United States,United States,English,Yes,Other
639bab4fe9de4ced22ab3598,60f31196cf392939a843ab34,AWAITING REVIEW,2022-12-15T23:18:43.097000Z,2022-12-15T23:32:44.920000Z,,2022-12-15T23:32:45.324428Z,842,CZELI6JD,496,English,Left-handed,26,Female,Black,United States,United States,United States,English,DATA_EXPIRED,Unemployed (and job seeking)
639bb134980d5b2d1b1050a3,5ea8154dcfd4dd20473ed88e,AWAITING REVIEW,2022-12-15T23:43:55.898000Z,2022-12-15T23:52:57.306000Z,,2022-12-15T23:52:57.597787Z,542,CZELI6JD,2972,English,Left-handed,29,Male,White,United States,United States,United States,English,No,Full-Time
639bb550fb45df6c4612e78d,5ad0f1934d061300011b0a4d,AWAITING REVIEW,2022-12-16T00:01:23.599000Z,2022-12-16T00:16:17.570000Z,,2022-12-16T00:16:17.949645Z,894,CZELI6JD,1390,English,Left-handed,28,Male,White,United States,United States,United States,English,No,Part-Time
639bb8bfaeb5bc73b7daad2f,62feeb8a253edd63dc00c477,RETURNED,2022-12-16T00:16:10.488000Z,2022-12-16T00:19:07.856000Z,,2022-12-16T00:19:08.220000Z,,CZELI6JD,18,CONSENT_REVOKED,CONSENT_REVOKED,CONSENT_REVOKED,CONSENT_REVOKED,CONSENT_REVOKED,CONSENT_REVOKED,CONSENT_REVOKED,CONSENT_REVOKED,CONSENT_REVOKED,CONSENT_REVOKED,CONSENT_REVOKED
639bb8faa57cf76d0fecbcb4,5fdd7f9dc9707d4090fcc4ed,AWAITING REVIEW,2022-12-16T00:18:56.733000Z,2022-12-16T00:29:17.506000Z,,2022-12-16T00:29:17.924475Z,621,CZELI6JD,66,English,Left-handed,23,Male,White,United States,United States,United States,English,No,Unemployed (and job seeking)
639bb9c99dd3598e0dba6895,5eed22ef1537c7128cca6aaa,AWAITING REVIEW,2022-12-16T00:20:29.554000Z,2022-12-16T00:32:48.523000Z,,2022-12-16T00:32:48.929584Z,739,CZELI6JD,949,English,Left-handed,22,Male,White,United States,United States,United States,English,Yes,Unemployed (and job seeking)
639bbaf432a8729286ab3542,611377497bdc630aedb0c1a7,AWAITING REVIEW,2022-12-16T00:25:27.665000Z,2022-12-16T00:36:44.339000Z,,2022-12-16T00:36:44.693741Z,677,CZELI6JD,1044,English,Left-handed,22,Female,Black,United States,United States,United States,English,DATA_EXPIRED,DATA_EXPIRED
639bbc63d2c7f0373de0db25,5dd1ab5dd3ac2a21600f87b8,AWAITING REVIEW,2022-12-16T00:31:33.217000Z,2022-12-16T00:48:04.431000Z,,2022-12-16T00:48:04.889198Z,992,NOCODE,2147,English,Left-handed,35,Male,White,United States,United States,United States,English,DATA_EXPIRED,Full-Time
639bc2887e3602e4e577a678,5be299deca095c0001ba3035,AWAITING REVIEW,2022-12-16T00:57:47.623000Z,2022-12-16T01:11:20.226000Z,,2022-12-16T01:11:20.956398Z,813,CZELI6JD,452,English,Left-handed,25,Male,White,United States,United States,United States,English,Yes,Full-Time
639bc3909c39724c93a078ad,62882d192f1a8543caf578f1,AWAITING REVIEW,2022-12-16T01:02:12.520000Z,2022-12-16T01:16:38.739000Z,,2022-12-16T01:16:39.110151Z,867,CZELI6JD,1075,"English, Chinese",Ambidextrous,33,Male,Asian,China,United States,United States,Chinese,No,Full-Time
