subject	first_block	ehi	age	country	sex	education	race	hispanic_ethnicity	rt_overall	duration_s	task_experience_response	task_experience_other_response	open_ended_feedback_response	exclude_many_gos	exclude_low_acc	exclude_low_rt	exclude_high_rt	exclude_country	exclude_age	exclude_done_before	exclude_no_ehi	exclude
53c04378fdf99b360e022d92	z	62.5	26	US	Female	16	White	No	1137	749.121	No	NA	NA	0	0	0	0	0	0	0	0	0
545cbbcafdf99b11ed040acf	slash	62.5	28	US	Female	16	Asian	No	766.5	666.221	No	NA	NA	0	0	0	0	0	0	0	0	0
5484949efdf99b0379939cc6	slash	-100	38	US	Male	16	White	No	700.5	560.669	No	NA	NA	0	0	0	0	0	0	0	0	0
558955ebfdf99b6bd06016c9	slash	100	32	US	Male	16	White	No	546	502.891	No	NA	Thanks!	0	0	0	0	0	0	0	0	0
55ae64defdf99b3f864653e7	z	-50	26	US	Female	16	White	No	770	658.294	No	NA	NA	0	0	0	0	0	0	0	0	0
55b0029bfdf99b5c00619440	slash	87.5	38	US	Female	12	Black or African American	No	586	1053.577	No	NA	NA	0	0	0	0	0	0	0	0	0
55bb9ae7fdf99b26d27fda01	z	75	36	US	Female	12	White	No	833	860.42	No	NA	NA	0	0	0	0	0	0	0	0	0
55beec67fdf99b6b670922f8	slash	-100	36	US	Male	16	White	No	575.5	584.325	No	NA	NA	0	0	0	0	0	0	0	0	0
55c43918fdf99b080551e044	slash	100	34	US	Male	14	Asian	No	631.5	761.609	No	NA	NA	0	0	0	0	0	0	0	0	0
55c82012fdf99b02adc2a36e	z	100	38	US	Female	16	White	No	764	1341.884	No	NA	NA	0	0	0	0	0	0	0	0	0
55ea70c37480920010aa9982	z	75	35	US	Male	12	Black or African American	No	464	496.509	No	NA	No	0	0	0	0	0	0	0	0	0
5607080ed7def20012b733c3	slash	100	28	US	Female	16	White	No	500	754.31	No	NA	NA	0	0	0	0	0	0	0	0	0
56279953ddff3c0005bcdba9	slash	87.5	35	US	Female	18	White	No	835.5	703.889	No	NA	NA	0	0	0	0	0	0	0	0	0
56514c84715ff50011a43878	z	37.5	35	US	Female	12	White	No	388.5	494.098	No	NA	N/A	0	0	0	0	0	0	0	0	0
568eca7be3ef9e000ca208fc	z	50	27	US	Male	16	White	No	856	632.754	No	NA	My eyes glazed over very quickly. I took this test after work, so my eyes are tired.	0	0	0	0	0	0	0	0	0
56a38b45dbe850000cfd50c3	slash	87.5	26	US	Male	16	Asian	No	498	528.233	No	NA	NA	0	0	0	0	0	0	0	0	0
56a40b90582971000c7b49b7	slash	50	36	US	Male	16	Asian	No	891.5	2446.422	No	NA	NA	0	0	0	0	0	0	0	0	0
56a93cf24020250005d62f2b	slash	100	32	US	Female	16	White	No	459	523.177	No	NA	NA	0	0	0	0	0	0	0	0	0
56b8de29e1d0a200051517f8	z	-75	40	US	Female	16	Asian	No	801	669.833	No	NA	NA	0	0	0	0	0	0	0	0	0
56d0f57421cd29000a9737e4	slash	100	39	US	Male	16	White	No	903	833.453	No	NA	NA	0	0	0	0	0	0	0	0	0
56d39b96da2aaa000dab6178	z	100	36	US	Male	16	Asian	No	520	641.288	No	NA	NA	0	0	0	0	0	0	0	0	0
56e2d87a0756b2000da6303d	z	100	30	US	Male	16	White	No	909	617.165	No	NA	I think the practice round was a bit too long.	0	0	0	0	0	0	0	0	0
56ec151f388e1d000a5924d0	z	50	37	US	Female	12	White	No	808	723.328	No	NA	NA	0	0	0	0	0	0	0	0	0
56fa002e8425ef000b3a4276	z	-100	34	US	Male	16	White	Yes	981.5	1130.038	No	NA	thank you	0	0	0	0	0	0	0	0	0
56fc4404f758b80010affdbb	slash	100	30	US	Male	12	Black or African American	No	379.5	852.73	Not sure (please explain):	I think I did something similar to this where I had to use my right and/or left index finger depending on what I saw, as quickly and accurately as possible.	NA	0	0	0	0	0	0	0	0	0
570665aeac75a4000f94eddc	z	-100	29	US	Male	12	Multiple	No	313.5	943.873	No	NA	NA	0	0	0	0	0	0	0	0	0
570b7b5fb9b52b00102d96f9	slash	100	35	US	Female	14	White	No	685	536.346	No	NA	NA	0	0	0	0	0	0	0	0	0
571643bbcd6ea20009dbb6b0	z	100	33	US	Female	16	White	No	941	616.314	No	NA	NA	0	0	0	0	0	0	0	0	0
575865ba7b74a80006de2689	slash	100	30	US	Male	12	White	Yes	488.5	898.086	No	NA	No comment.	0	0	0	0	0	0	0	0	0
5786d6076475d400015a959e	z	-100	37	US	Male	12	White	No	798.5	798.245	No	NA	NA	0	0	0	0	0	0	0	0	0
57901207c9abeb0001af353e	z	100	34	US	Female	14	White	No	533	667.76	No	NA	NA	0	0	0	0	0	0	0	0	0
57d0a0bee3221e00015fe385	z	-100	38	US	Male	12	White	Yes	781.5	675.81	No	NA	inquisit is the devil	0	0	0	0	0	0	0	0	0
57d6dd8d6598aa000199188b	slash	87.5	33	US	Female	16	Asian	No	1004	609.559	No	NA	NA	0	0	0	0	0	0	0	0	0
57d714de813eb30001825ac4	slash	62.5	38	US	Female	12	White	No	520	785.21	No	NA	NA	0	0	0	0	0	0	0	0	0
57ff0e138f420f00011a5d0e	slash	37.5	25	US	Female	16	White	Yes	402	537.896	No	NA	NA	0	0	0	0	0	0	0	0	0
580a494da38f4a00012ebfdc	slash	62.5	26	US	Male	12	White	No	582	1922.31	No	NA	NA	0	0	0	0	0	0	0	0	0
581bd344930a280001062c90	slash	100	39	US	Female	16	White	Yes	814.5	716.092	No	NA	NA	0	0	0	0	0	0	0	0	0
58211fc787f6b90001f13f90	slash	100	40	US	Male	16	White	No	554	524.145	No	NA	NA	0	0	0	0	0	0	0	0	0
583748dafb65a0000128b059	slash	-87.5	39	US	Male	16	American Indian or Alaska Native	Yes	600.5	642.514	No	NA	NA	0	0	0	0	0	0	0	0	0
583c47973f1540000163f02b	slash	100	35	US	Male	12	White	No	741.5	814.939	No	NA	NA	0	0	0	0	0	0	0	0	0
583f12f545073d0001fac52d	slash	100	36	US	Male	16	White	No	78	382.375	No	NA	NA	1	0	1	0	0	0	0	0	1
58935d5d4d77be0001689f14	z	-87.5	32	US	Male	14	White	No	713	513.857	No	NA	NA	0	0	0	0	0	0	0	0	0
58a43e029a17120001d910d5	slash	-87.5	39	US	Female	12	White	No	578.5	673.097	No	NA	NA	0	0	0	0	0	0	0	0	0
58f76757fb4d7500014af761	slash	-62.5	30	US	Female	16	White	No	887	713.64	No	NA	NA	0	0	0	0	0	0	0	0	0
59014ee029f42300013cc5b7	z	75	35	US	Female	14	White	Yes	667	684.75	No	NA	NA	0	0	0	0	0	0	0	0	0
5928b6414a05920001393ecf	z	100	31	US	Female	12	White	No	678	769.208	No	NA	Felt like I did better with my left hand even though I'm right handed	0	0	0	0	0	0	0	0	0
594936ad4152bf0001bfd5cd	z	87.5	29	US	Female	12	White	No	835.5	787.818	No	NA	NA	0	0	0	0	0	0	0	0	0
594a964c215cbd000146de75	z	100	33	US	Female	16	American Indian or Alaska Native	Yes	541	614.625	No	NA	NA	0	0	0	0	0	0	0	0	0
594a969df0ea1b0001558178	z	-87.5	30	US	Male	18	White	No	525.5	586.217	No	NA	NA	0	0	0	0	0	0	0	0	0
594c1e5a9160cb00011d6474	slash	-25	30	US	Male	16	White	No	488.5	704.967	No	NA	NA	0	0	0	0	0	0	0	0	0
59598e604c20120001517c99	slash	100	39	US	Male	12	White	No	888	975.686	No	NA	NA	0	0	0	0	0	0	0	0	0
596fea64a5c32a0001584755	z	75	30	US	Female	16	White	No	1098	700.419	No	NA	NA	0	0	0	0	0	0	0	0	0
59715b4b50e2f000016fe00e	slash	100	37	US	Male	16	White	No	152	464.707	No	NA	NA	1	0	1	0	0	0	0	0	1
59a07638bfd73c00010ea394	z	75	23	US	Male	12	Black or African American	No	837	531.234	No	NA	NA	0	0	0	0	0	0	0	0	0
59b0106d834a170001d6061c	z	-100	38	US	Female	16	White	No	845.5	676.087	NA	NA	NA	0	0	0	0	0	0	0	0	0
59d5c894c732930001d88b5e	slash	62.5	30	US	Male	16	White	Yes	940	860.04	No	NA	none	0	0	0	0	0	0	0	0	0
59d662aa0c0c7100015b9af6	z	100	40	US	Male	16	Asian	No	523	1606.912	No	NA	NA	0	0	0	0	0	0	0	0	0
5a01e188ab721b0001ef7134	z	-87.5	36	US	Male	14	White	No	769.5	699.944	No	NA	NA	0	0	0	0	0	0	0	0	0
5a04869ff2e3460001edad2e	z	100	31	US	Male	12	White	No	912.5	935.733	No	NA	NA	0	0	0	0	0	0	0	0	0
5a348ea750833c0001ee9550	slash	-25	35	US	Female	16	White	No	496.5	663.315	No	NA	NA	0	0	0	0	0	0	0	0	0
5a35ecbf57d4450001236fd3	z	-100	30	US	Male	18	Multiple	No	884.5	635.485	No	NA	NA	0	0	0	0	0	0	0	0	0
5a5e94a7eedc32000142cd08	z	100	26	US	Male	12	White	No	498	719.298	No	NA	NA	0	0	0	0	0	0	0	0	0
5a6ff39ef660ae0001a9837e	slash	75	25	US	Female	12	White	No	569.5	1529.713	No	NA	NA	0	0	0	0	0	0	0	0	0
5a78dbb9ae9a0b0001a97212	z	100	35	US	Male	16	White	No	856.5	677.646	No	NA	NA	0	0	0	0	0	0	0	0	0
5a7ab4c0f1408d0001761db7	slash	100	24	US	Female	16	Asian	No	380.5	631.04	No	NA	NA	0	0	0	0	0	0	0	0	0
5a94ca1a873cda0001dc7147	slash	62.5	32	US	Male	16	White	No	876.5	694.143	No	NA	NA	0	0	0	0	0	0	0	0	0
5a98b39b89de8200013ef94f	z	100	25	US	Male	16	Black or African American	No	1060.5	687.745	No	NA	NA	0	0	0	0	0	0	0	0	0
5a9dd8b1873cda00010d18c5	slash	75	28	US	Female	12	White	No	486	837.938	No	NA	NA	0	0	0	0	0	0	0	0	0
5aa3609e6475f90001a04905	slash	75	25	US	Female	14	White	No	440	517.153	Yes	NA	Thank you for the opportunity to participate.	0	0	0	0	0	0	1	0	1
5aa6e29435237b0001130d68	z	-87.5	27	US	Female	18	Asian	No	571.5	618.215	No	NA	NA	0	0	0	0	0	0	0	0	0
5aadbe52811b2000016f7633	z	-100	36	US	Male	18	White	No	425	823.573	No	NA	NA	0	0	0	0	0	0	0	0	0
5ab7c19e1667e40001d7cd93	z	100	30	US	Female	16	White	No	475	657.271	No	NA	NA	0	0	0	0	0	0	0	0	0
5ac5300f9534ba0001c7446b	slash	-25	39	US	Male	16	White	No	503	621.306	No	NA	NA	0	0	0	0	0	0	0	0	0
5ac6ca185cd105000162499d	slash	100	33	US	Female	21	White	No	733.5	683.743	No	NA	NA	0	0	0	0	0	0	0	0	0
5ad7835e9c198c0001fad31a	slash	100	34	US	Female	12	White	No	945.5	832.392	No	NA	NA	0	0	0	0	0	0	0	0	0
5adef850eb60400001539109	z	100	25	US	Male	12	White	Yes	773	649.331	No	NA	NA	0	0	0	0	0	0	0	0	0
5adf3828dee8590001b05860	slash	100	35	US	Male	16	White	No	462.5	661.125	No	NA	NA	1	0	0	0	0	0	0	0	1
5ae3a41d32ef52000131a531	slash	25	24	US	Male	12	Black or African American	No	851	729.752	No	NA	NA	0	0	0	0	0	0	0	0	0
5aee513f3606ab0001b92b29	slash	-50	37	US	Male	12	White	No	821	588.153	No	NA	NA	0	0	0	0	0	0	0	0	0
5aee59100ccc2e000185937c	slash	75	35	US	Female	14	White	No	867.5	1056.266	No	NA	NA	0	0	0	0	0	0	0	0	0
5af238825847970001e34baf	z	-100	22	US	Female	12	White	No	675	633.402	No	NA	NA	0	0	0	0	0	0	0	0	0
5af309960eca060001b15b47	slash	-50	25	US	Male	16	White	No	499.5	732.525	No	NA	NA	0	0	0	0	0	0	0	0	0
5af491b6222e4d0001877572	slash	100	40	US	Female	16	White	No	533.5	720.339	No	NA	NA	0	0	0	0	0	0	0	0	0
5b066e00f58f8400018b0906	z	87.5	33	US	Male	12	White	No	411	1152.519	No	NA	NA	0	0	0	0	0	0	0	0	0
5b0cb441444cef0001ca5fbd	z	-37.5	38	US	Male	14	Multiple	No	171.5	466.02	No	NA	NA	0	0	1	0	0	0	0	0	1
5b15307351caaf0001228d9b	z	100	32	US	Female	12	White	No	728.5	930.677	No	NA	no	0	0	0	0	0	0	0	0	0
5b3e2334cdb4ce0001d93c51	z	87.5	34	US	Male	16	White	Yes	692.5	536.795	Not sure (please explain):	Yes very similar but having to press different keys for different shape. Not this exact study.	NA	0	0	0	0	0	0	0	0	0
5b48a9e14acd54000132a67f	z	50	38	US	Male	16	White	No	451.5	587.816	No	NA	NA	0	0	0	0	0	0	0	0	0
5b5c8d4e10aec90001ed4bee	slash	-75	23	US	Female	16	White	No	461.5	476.662	No	NA	NA	0	0	0	0	0	0	0	0	0
5b5d13d25256470001bc5ef2	slash	-50	27	US	Male	12	White	No	440	528.747	No	NA	NA	0	0	0	0	0	0	0	0	0
5b666901f7798c000182c01c	slash	100	38	US	Male	12	White	No	703	664.325	No	NA	it was fun	0	0	0	0	0	0	0	0	0
5b76d0f5fca8d9000139404c	slash	87.5	32	US	Male	14	White	No	627.5	572.049	No	NA	NA	0	0	0	0	0	0	0	0	0
5b7c877f9dc643000172043d	slash	100	39	US	Male	18	White	No	669	663.503	No	NA	NA	0	0	0	0	0	0	0	0	0
5b9530390f85f600015705bf	z	100	32	US	Female	16	White	No	931.5	784.061	No	NA	n/a	0	0	0	0	0	0	0	0	0
5b9dd322f074140001050095	z	-50	35	US	Female	12	White	No	866.5	752.309	No	NA	NA	0	0	0	0	0	0	0	0	0
5ba854ed7c0ebe0001272f2d	z	87.5	31	US	Male	16	White	No	931	761.416	No	NA	NA	0	0	0	0	0	0	0	0	0
5ba855d47c0ebe0001272f70	slash	12.5	28	US	Male	16	White	No	867	776.976	No	NA	NA	0	0	0	0	0	0	0	0	0
5bb8740a0cb04c00014f72e9	slash	87.5	27	US	Female	16	Multiple	No	566.5	663.812	No	NA	NA	0	0	0	0	0	0	0	0	0
5bbe6691ba8d7d0001951ef9	slash	87.5	24	US	Female	16	Black or African American	Yes	343.5	626.961	No	NA	NA	0	0	0	0	0	0	0	0	0
5bc0ac845a09ea00012e2d30	slash	-50	35	US	Female	12	White	No	552	558.282	No	NA	NA	0	0	0	0	0	0	0	0	0
5bcc60b95c2b810001dc68e2	z	-100	27	US	Male	21	White	No	870	605.315	No	NA	NA	0	0	0	0	0	0	0	0	0
5be2991826f9ec00013f6f40	slash	100	26	US	Male	16	White	No	534.5	577.195	No	NA	NA	0	0	0	0	0	0	0	0	0
5be31629e69dde0001a2fdd3	z	50	29	US	Female	18	White	Yes	580.5	738.062	No	NA	NA	0	1	0	0	0	0	0	0	1
5bea832a4fbb6f00017ea3e9	slash	87.5	35	US	Male	12	Black or African American	No	829.5	684.967	No	NA	NA	0	0	0	0	0	0	0	0	0
5bf28a086d4c3e00014410f7	slash	-87.5	22	US	Male	12	Black or African American	No	436.5	590.432	No	NA	NA	0	0	0	0	0	0	0	0	0
5bf4f905345b9b00016eda45	slash	100	32	US	Male	8	White	Yes	486.5	646.459	No	NA	There was a similar task I did involving the mouse and selecting the shape that was different from a group of 4 shapes while ignoring the colors, but nothing like this exact experiment.	0	0	0	0	0	0	0	0	0
5c060efc891bb4000121c377	z	100	40	US	Male	14	White	No	710.5	536.426	No	NA	Thank you	0	0	0	0	0	0	0	0	0
5c06b3f64a2b7b0001c3c185	slash	100	37	US	Female	16	Multiple	Yes	676	697.935	No	NA	Interesting exercise. Good luck with your research.	0	0	0	0	0	0	0	0	0
5c0a22affe40eb00016262b6	z	100	28	US	Female	16	White	No	471.5	995.751	No	NA	NA	0	0	0	0	0	0	0	0	0
5c109903e6eb4e0001b29e44	slash	100	30	US	Female	16	White	No	950.5	754.072	No	NA	NA	0	0	0	0	0	0	0	0	0
5c16e72c91defa000115c8ec	z	100	31	US	Male	16	White	No	668.5	590.722	No	NA	no issues or additional commentary	0	0	0	0	0	0	0	0	0
5c17294778ee390001ab19e5	slash	100	25	US	Male	16	White	No	839	631.351	No	NA	NA	0	0	0	0	0	0	0	0	0
5c284ae48e845b0001fc40aa	z	-100	37	US	Male	16	White	No	694	1254.038	No	NA	NA	0	0	0	0	0	0	0	0	0
5c28e9dfda51990001e3204b	slash	0	38	US	Female	14	White	No	854	694.491	No	NA	NA	0	0	0	0	0	0	0	0	0
5c2a92b4b8e5f900015b3f58	slash	-100	31	US	Female	16	White	No	909	641.812	No	NA	NA	0	0	0	0	0	0	0	0	0
5c3a925919ceb400010c9344	slash	100	22	US	Male	12	White	No	422.5	492.495	No	NA	NA	0	0	0	0	0	0	0	0	0
5c48ca334635bf000171c13f	slash	100	34	US	Female	14	White	No	773.5	670.92	No	NA	NA	0	0	0	0	0	0	0	0	0
5c4e3977c0783c00016936f9	slash	100	28	US	Male	14	White	No	758.5	848.434	No	NA	NA	0	0	0	0	0	0	0	0	0
5c4e9bd1818d4d00013e8859	z	100	31	US	Female	14	White	No	431.5	965.486	No	NA	NA	0	0	0	0	0	0	0	0	0
5c535974b7cf140001d308d3	slash	62.5	29	US	Female	12	White	No	763.5	692.374	No	NA	NA	0	0	0	0	0	0	0	0	0
5c573f18d3cc6b0001d9dbc3	z	100	30	US	Male	16	Black or African American	No	619	902.429	No	NA	NA	0	0	0	0	0	0	0	0	0
5c58e01e6f4ec5000164c35a	z	100	30	US	Female	12	White	No	492.5	550.607	No	NA	NA	0	0	0	0	0	0	0	0	0
5c64189eede39b0001c39e61	slash	100	35	US	Male	8	Multiple	Yes	749.5	777.663	No	NA	NA	0	0	0	0	0	0	0	0	0
5c6ac9e5d9c5be000174497f	z	100	28	US	Female	12	White	No	619	597.937	No	NA	NA	0	0	0	0	0	0	0	0	0
5c800507a1d4b900114f28c4	slash	87.5	31	US	Male	12	White	No	640	551.492	No	NA	NA	0	0	0	0	0	0	0	0	0
5c958b7bd676900001e1a73b	slash	100	24	US	Female	12	White	No	870.5	625.79	No	NA	A progress bar would be nice	0	0	0	0	0	0	0	0	0
5c9a7a644a640200171c0cc2	slash	75	32	US	Female	18	White	No	534	537.684	No	NA	NA	0	0	0	0	0	0	0	0	0
5c9ebf067114700016da2813	slash	62.5	31	US	Male	14	Multiple	Yes	442	977.749	No	NA	NA	0	0	0	0	0	0	0	0	0
5ca4bade374f11000118f010	z	100	23	US	Male	12	White	No	638	651.53	No	NA	NA	0	0	0	0	0	0	0	0	0
5caa7f8c0d95570013d82f2f	z	12.5	33	US	Female	18	White	Yes	593.5	635.588	No	NA	NA	0	0	0	0	0	0	0	0	0
5cab7cc86d3a6e001519d9e9	slash	-100	34	US	Male	12	White	No	768.5	745.424	No	NA	NA	0	0	0	0	0	0	0	0	0
5cb568ebf0e31e0017d9bf32	z	100	38	US	Female	14	White	No	648	916.904	No	NA	no feedback	0	0	0	0	0	0	0	0	0
5cbb78d664170f00011d7c4f	slash	100	26	US	Female	16	White	No	634	708.389	No	NA	NA	0	0	0	0	0	0	0	0	0
5cc5e72ce3c44e0015fdf990	slash	50	28	US	Not listed: nonbinary	14	White	No	560	911.928	No	NA	NA	0	0	0	0	0	0	0	0	0
5ccba9db385fbf0001f55fd6	z	-100	35	US	Female	16	White	No	522.5	692.359	No	NA	NA	0	0	0	0	0	0	0	0	0
5cd063ce657e300016f6c95a	slash	-62.5	31	US	Male	14	Multiple	No	681.5	696.388	No	NA	NA	0	0	0	0	0	0	0	0	0
5cd3ff1ac99584000199dd15	slash	100	37	US	Male	16	White	No	984	1029.679	No	NA	NA	0	0	0	0	0	0	0	0	0
5cdad620eae6f70019d4e950	slash	75	33	US	Male	16	White	No	660	643.099	No	NA	NA	0	0	0	0	0	0	0	0	0
5ced82e372abf2000174775e	z	25	29	US	Male	16	White	No	476	645.593	No	NA	N/A	0	0	0	0	0	0	0	0	0
5cfb5233df7d70001619ca90	slash	87.5	24	US	Male	16	White	No	1083	1003.613	No	NA	Great.	0	0	0	0	0	0	0	0	0
5d10102523f6320017c63e07	slash	87.5	28	US	Female	16	Black or African American	No	875.5	661.618	No	NA	NA	0	0	0	0	0	0	0	0	0
5d158f6419d2ed0001e2120c	z	75	19	US	Female	12	White	No	627	568.021	No	NA	NA	0	0	0	0	0	0	0	0	0
5d17a2c94d7eea00170c3aca	slash	100	25	US	Male	16	Multiple	No	363.5	494.465	No	NA	NA	0	0	0	0	0	0	0	0	0
5d193535601cd70017727028	slash	100	37	US	Female	12	White	No	1089.5	739.837	No	NA	NA	0	0	0	0	0	0	0	0	0
5d1ba5653788ac0019ced548	slash	100	39	US	Female	16	White	Yes	635.5	626.097	No	NA	NA	0	0	0	0	0	0	0	0	0
5d1beb9c9e033e0017a725dc	z	100	36	US	Male	18	Black or African American	No	877	617.685	No	NA	NA	0	0	0	0	0	0	0	0	0
5d1d0270601cd7000172942f	z	75	27	US	Female	16	White	No	932	637.739	No	NA	NA	0	0	0	0	0	0	0	0	0
5d1e2045a37a4d001a1fc2cb	slash	-50	23	US	Male	14	Black or African American	No	761.5	874.641	No	NA	NA	0	0	0	0	0	0	0	0	0
5d269fedf6dec40019b87a59	z	100	36	US	Male	16	White	Yes	661.5	1037.386	No	NA	NA	0	0	0	0	0	0	0	0	0
5d296b94d7d4940015e62ca6	slash	37.5	34	US	Female	21	Multiple	No	329.5	665.198	No	NA	NA	0	0	0	0	0	0	0	0	0
5d2a3561d3edf900018016a1	slash	100	36	US	Male	16	White	No	538	886.096	No	NA	NA	0	0	0	0	0	0	0	0	0
5d2fbee1fb16450018a7a023	slash	100	36	US	Male	16	White	No	605.5	795.909	No	NA	No comments	0	0	0	0	0	0	0	0	0
5d332957d0635b00013bd785	z	0	27	US	Male	14	White	No	590	631.439	No	NA	NA	0	0	0	0	0	0	0	0	0
5d3522b6eac3d50017df02cb	z	87.5	39	US	Male	21	Asian	No	638	809.392	No	NA	NA	0	0	0	0	0	0	0	0	0
5d3cc9010e510a00013df6f6	slash	75	23	US	Male	12	White	Yes	857	696.296	No	NA	NA	0	0	0	0	0	0	0	0	0
5d3df9b23bf3780015abf56f	slash	100	26	US	Female	16	White	No	875	718.832	No	NA	NA	0	0	0	0	0	0	0	0	0
5d48fcc5643eb80001fb43fa	slash	87.5	29	US	Male	16	White	No	842	658.364	No	NA	no	0	0	0	0	0	0	0	0	0
5d4b14caed2dfc0001a22c1a	z	100	39	US	Female	14	White	No	428	683.177	No	NA	NA	0	0	0	0	0	0	0	0	0
5d4b265b72db9d0015e8aac6	z	100	30	US	Male	16	White	No	643	748.257	No	NA	To proceed to the next screen, I had to press shift+space at times when the experiement page instructed to only press the space bar.	0	0	0	0	0	0	0	0	0
5d4cdc63ec9aa0000112ae43	z	-100	37	US	Male	16	White	Yes	820	848.813	No	NA	No	0	0	0	0	0	0	0	0	0
5d5315f889849a0001a76d1a	slash	100	37	US	Female	16	Black or African American	No	400.5	603.394	No	NA	NA	0	0	0	0	0	0	0	0	0
5d53bffa147a7d00015aae5a	slash	75	30	US	Female	16	White	No	729	582.077	No	NA	NA	0	0	0	0	0	0	0	0	0
5d5dc2d37bfc8400013b653c	slash	100	21	US	Female	12	White	Yes	375	956.42	No	NA	had fun	0	0	0	0	0	0	0	0	0
5d63867550d0dd0017805976	slash	NA	39	US	Male	16	White	No	850	778.128	NA	NA	NA	0	0	0	0	0	0	0	1	1
5d76d2f7daf4bf00164d585b	z	-12.5	28	US	Female	21	White	No	452.5	1404.054	No	NA	Was super hard to see the smaller shapes. Had to assume the """"""""fatter"""""""" small shapes were the circles and squares, but I was never sure	0	0	0	0	0	0	0	0	0
5d7850851841fc0001e9c64d	z	-62.5	32	US	Female	12	White	No	486.5	556.02	No	NA	NA	0	0	0	0	0	0	0	0	0
5d7cefc73f9ae70018b400f1	slash	100	40	US	Male	12	White	No	702.5	653.739	No	NA	NA	0	0	0	0	0	0	0	0	0
5d7e7207461e51001c5c236c	slash	-87.5	24	US	Male	16	Asian	No	737.5	634.958	No	NA	cool study	0	0	0	0	0	0	0	0	0
5d7f79e7e41ee70018d9164a	z	100	39	US	Female	12	White	No	655.5	627.525	No	NA	NA	0	0	0	0	0	0	0	0	0
5d847ac9be4b0b00188463d7	slash	87.5	25	US	Male	12	White	No	458	607.925	No	NA	NA	0	0	0	0	0	0	0	0	0
5d859977611c9700152f11a1	slash	100	29	US	Male	16	White	No	730	640.446	No	NA	No additional feedback.	0	0	0	0	0	0	0	0	0
5d8a29c082fec30001d9c24a	slash	75	31	US	Male	12	White	No	596.5	607.745	No	NA	Thank you for the study!	0	0	0	0	0	0	0	0	0
5d96eeed1998fb00177f6b71	slash	87.5	24	US	Female	16	Asian	No	771	835.811	No	NA	NA	0	0	0	0	0	0	0	0	0
5da360b12e89480010ef417a	slash	100	20	US	Male	12	White	Yes	623	610.093	No	NA	No comments	0	0	0	0	0	0	0	0	0
5dc7870428e0d566b626bcb9	slash	100	40	US	Female	14	White	No	586.5	1110.01	No	NA	NA	0	0	0	0	0	0	0	0	0
5dcb685070d51c8275d7bd54	z	62.5	26	US	Male	16	White	No	1105	790.58	No	NA	NA	0	0	0	0	0	0	0	0	0
5dcc3ec7db13278d75c8622f	z	75	37	US	Female	16	White	No	668.5	890.92	No	NA	NA	0	0	0	0	0	0	0	0	0
5dcebf4ad2c3e0000ab3debe	slash	100	36	US	Female	16	White	No	613	584.362	No	NA	NA	0	0	0	0	0	0	0	0	0
5dceeba4144b510411fb4566	slash	-37.5	37	US	Female	18	White	No	982	941.131	No	NA	Right at the start, the experiment took a little time to load, and I had thought it had frozen, so I did hit the escape key (but didn't exit the experiment).	0	0	0	0	0	0	0	0	0
5dd0749782569a156ed4f658	slash	87.5	29	US	Male	16	White	No	702	584.31	No	NA	NA	0	0	0	0	0	0	0	0	0
5dd43c63390fb6428d4974f0	z	100	38	US	Female	18	White	No	957	821.549	No	NA	NA	0	0	0	0	0	0	0	0	0
5dd91a879dac7c8a7a36fecf	slash	-37.5	26	US	Male	12	White	No	901.5	625.777	No	NA	NA	0	0	0	0	0	0	0	0	0
5dd95432cf08aa8dc50bb42a	slash	100	31	US	Male	16	White	No	666.5	722.405	No	NA	NA	0	0	0	0	0	0	0	0	0
5dd984381096ea907a3272f2	z	-50	21	US	Male	12	White	No	612	548.4	No	NA	NA	0	0	0	0	0	0	0	0	0
5ddd1dd2b48da3c63a3ccdbb	slash	87.5	35	US	Male	16	White	No	746.5	1271.934	No	NA	NA	0	0	0	0	0	0	0	0	0
5ddd92855daaa6d095854780	slash	-62.5	38	US	Male	12	White	No	542	1221.769	No	NA	NA	0	0	0	0	0	0	0	0	0
5dedf0483711364928753ecd	z	0	37	US	Male	16	Asian	No	517	765.581	No	NA	I was born left handed but I eat/write with my right hand.	0	0	0	0	0	0	0	0	0
5dee896cf87f5552d3cd6502	slash	100	36	US	Male	14	White	No	939.5	771.035	No	NA	NA	0	0	0	0	0	0	0	0	0
5dee933631a7e05381da6b02	slash	100	33	US	Male	16	Black or African American	No	432.5	538.474	No	NA	NA	0	0	0	0	0	0	0	0	0
5df15bc3361a8506b94f79ed	slash	75	34	US	Male	16	Asian	Yes	455.5	770.999	No	NA	NA	0	0	0	0	0	0	0	0	0
5df180b59b92b1098c0d5818	z	75	37	US	Female	16	White	No	779.5	763.65	No	NA	NA	0	0	0	0	0	0	0	0	0
5df2f36b617219204de98060	z	-100	30	US	Male	12	Native Hawaiian or Other Pacific Islander	No	526.5	946.741	No	NA	NA	0	0	0	0	0	0	0	0	0
5e0047b3a99550c62bda2dd6	z	87.5	36	US	Female	12	White	No	480.5	555.156	No	NA	I could almost feel my brain having to think differently when using the slash key	0	0	0	0	0	0	0	0	0
5e0a434b8676812de85037c3	z	-37.5	33	US	Male	12	White	No	414	769.149	No	NA	NA	0	0	0	0	0	0	0	0	0
5e0d6dee4f40fb4f60fc0494	z	100	30	US	Female	16	Black or African American	No	2000	975.158	No	NA	NA	0	1	0	1	0	0	0	0	1
5e1b9951be8d633cb531644c	z	-50	26	US	Male	16	Black or African American	No	697.5	648.313	No	NA	NA	0	0	0	0	0	0	0	0	0
5e1f7b2a4c9b832b34e7c9d3	slash	-100	31	US	Male	14	White	No	645	544.305	No	NA	NA	0	0	0	0	0	0	0	0	0
5e26762aa8c1118a9d578c4d	z	100	32	US	Male	16	Black or African American	No	561	668.114	No	NA	NA	0	0	0	0	0	0	0	0	0
5e2e7d79acf5fe45b62f859a	z	100	33	US	Female	18	Asian	No	538.5	1685.849	No	NA	NA	0	0	0	0	0	0	0	0	0
5e387f2c0d70ef099d5e5a4f	slash	75	40	US	Male	16	White	No	920	888.576	No	NA	NA	0	0	0	0	0	0	0	0	0
5e38e79295ff561112eae457	slash	100	37	US	Male	12	White	No	722	1403.805	No	NA	NA	0	0	0	0	0	0	0	0	0
5e3dff6b8714b707b9a258b0	z	100	38	US	Male	16	White	No	916.5	1159.466	No	NA	NA	0	0	0	0	0	0	0	0	0
5e455faf462e0802d9d9c3e2	slash	-62.5	28	US	Male	12	White	Yes	608	729.075	No	NA	Dominant (left) hand felt more natural in task completion.	0	0	0	0	0	0	0	0	0
5e4a1730c94447480594cea4	z	100	35	US	Female	16	White	No	757	808.169	No	NA	NA	0	0	0	0	0	0	0	0	0
5e4b793f03c92a08a6d28e3f	slash	100	23	US	Male	12	Asian	No	497.5	500.839	No	NA	NA	0	0	0	0	0	0	0	0	0
5e4d2e7f6603cd16888864e7	z	100	25	US	Female	14	White	Yes	830	734.066	No	NA	NA	0	0	0	0	0	0	0	0	0
5e4e844553bc702cdf68404d	z	-12.5	23	US	Female	12	Multiple	No	859.5	1316.588	No	NA	NA	0	0	0	0	0	0	0	0	0
5e5220711b676824eb24c172	z	100	28	US	Female	14	Black or African American	No	522.5	1199.273	No	NA	NA	0	0	0	0	0	0	0	0	0
5e544727059e3744ccdd4c3b	z	-75	32	US	Female	16	Black or African American	No	605	691.653	No	NA	NA	0	0	0	0	0	0	0	0	0
5e56a66121583601d3c3526a	slash	-100	27	US	Female	16	Asian	No	321.5	991.42	No	NA	NA	0	0	0	0	0	0	0	0	0
5e5731e3e1e8b90e25c1f3a2	z	50	40	US	Male	16	White	No	895	1090.365	No	NA	NA	0	0	0	0	0	0	0	0	0
5e62dbd8142c3c08017d8728	slash	100	25	US	Male	12	White	No	728	723.308	No	NA	NA	0	0	0	0	0	0	0	0	0
5e63e793e50a6316a75213c4	z	100	32	US	Male	16	White	No	580	640.87	No	NA	n/a	0	0	0	0	0	0	0	0	0
5e6813ada1c2de09bc51d9b2	z	100	39	US	Male	12	White	No	949	736.052	Not sure (please explain):	I've done about 9000 studies over the last 3 years between MTurk and Prolific. There's no telling if I have or haven't, as a large portion of those are reaction time studies.	NA	0	0	0	0	0	0	0	0	0
5e683c4d6ca0f9000d3f35fe	z	50	34	US	Male	16	White	No	643	1049.382	No	NA	NA	0	0	0	0	0	0	0	0	0
5e6d07de9cf1952cdc94bf61	z	-100	31	US	Female	18	White	No	430	1240.431	No	NA	NA	0	0	0	0	0	0	0	0	0
5e6fca371814a4594af2f420	slash	100	30	US	Male	16	White	No	1077.5	862.376	No	NA	NA	0	0	0	0	0	0	0	0	0
5e753ccd65c9670a250a019b	z	-62.5	19	US	Female	12	Black or African American	No	342.5	591.262	No	NA	NA	0	0	0	0	0	0	0	0	0
5e761a1c409bdd17b294f631	z	-25	25	US	Female	18	Asian	No	467.5	483.054	No	NA	NA	0	0	0	0	0	0	0	0	0
5e7d09e7f0a5a00c4a1ccf96	slash	100	23	US	Male	16	White	No	645.5	516.702	No	NA	NA	0	0	0	0	0	0	0	0	0
5e820eb36551aa02fd72e1dc	slash	100	35	US	Male	12	White	No	953	709.646	No	NA	NA	0	0	0	0	0	0	0	0	0
5e8a69c836bc63718a82cb90	slash	100	30	US	Male	18	Asian	No	722	839.849	No	NA	NA	0	0	0	0	0	0	0	0	0
5ea3694d838a642e5790ec0a	z	87.5	20	US	Female	12	White	No	840.5	753.785	No	NA	NA	0	0	0	0	0	0	0	0	0
5ea9d795dec14d13eb7af3d9	slash	-50	32	US	Male	18	Multiple	No	455.5	721.839	No	NA	n/a	0	0	0	0	0	0	0	0	0
5eae37af3ac6885048af8db3	slash	87.5	25	US	Male	14	White	No	427.5	807.814	No	NA	NA	0	0	0	0	0	0	0	0	0
5eb6df62c23fbf5e87db6b4b	z	-50	31	US	Female	16	White	No	776.5	642.812	No	NA	NA	0	0	0	0	0	0	0	0	0
5ebb96b6cd673a0008ace9ce	z	-75	25	US	Male	14	Asian	No	913	658.969	No	NA	N/A	0	0	0	0	0	0	0	0	0
5eca8de81197051fa92b5a6a	slash	100	34	US	Female	18	White	No	520	577.489	No	NA	NA	0	0	0	0	0	0	0	0	0
5ed53833cb34a1098e5e2bce	slash	87.5	27	US	Female	12	White	No	1086	892.439	No	NA	NA	0	0	0	0	0	0	0	0	0
5ed85fbefd7ffe37615b73a4	z	87.5	27	US	Female	12	White	No	639.5	617.244	No	NA	NA	0	0	0	0	0	0	0	0	0
5ed9711cfca3941553f2cfd8	z	-100	34	US	Female	16	White	No	519	861.914	No	NA	NA	0	0	0	0	0	0	0	0	0
5eddb464a77718acaaa72ab5	z	62.5	31	US	Female	16	White	No	532.5	566.799	Not sure (please explain):	something relatively similar	NA	0	0	0	0	0	0	0	0	0
5eebe4e6e61002183aec9b70	slash	62.5	25	US	Male	12	White	No	859.5	603.461	No	NA	NA	0	0	0	0	0	0	0	0	0
5eecf1789af5910cfeb71b53	z	-37.5	21	US	Male	12	White	No	892	630.063	No	NA	NA	0	0	0	0	0	0	0	0	0
5ef37831c37ebb0bbd2d3e03	z	87.5	26	US	Male	16	Asian	No	610	738.924	No	NA	NA	0	0	0	0	0	0	0	0	0
5ef42ba59401801d9f859e2d	slash	37.5	39	US	Male	12	White	No	563	577.255	No	NA	Great Survey Thank You	0	0	0	0	0	0	0	0	0
5ef4b8cf1f15df0ae9c7a706	slash	62.5	29	US	Male	21	Asian	No	699	1221.725	No	NA	NA	0	0	0	0	0	0	0	0	0
5ef6601481666334a551ebe7	slash	62.5	23	US	Female	14	Asian	No	486	586.943	No	NA	NA	0	0	0	0	0	0	0	0	0
5efaffccf90911000c95a3cb	slash	62.5	31	US	Male	16	White	No	408	1457.631	No	NA	NA	0	0	0	0	0	0	0	0	0
5effca0389eb590c6eed8d4d	z	50	20	US	Not listed: non-binary	12	Multiple	No	809.5	669.653	No	NA	NA	0	0	0	0	0	0	0	0	0
5f14606495f8a710716e860e	slash	87.5	35	US	Female	16	White	Yes	490	766.474	No	NA	it was very difficult to see the shapes	0	0	0	0	0	0	0	0	0
5f18a43ed0b0db0b6f0fc067	slash	75	31	US	Female	21	White	No	689.5	648.784	No	NA	NA	0	0	0	0	0	0	0	0	0
5f22bdb732432502a2615f3f	z	100	31	US	Female	18	White	No	552.5	653.76	No	NA	NA	0	0	0	0	0	0	0	0	0
5f24993238b9f80892adf099	z	-12.5	44	US	Female	21	Asian	No	146	492.934	No	NA	No	0	0	1	0	0	1	0	0	1
5f289485f876761d798df65c	z	100	31	US	Female	16	White	No	705.5	604.476	No	NA	NA	0	0	0	0	0	0	0	0	0
5f2afd90fcefd547f0ee556f	z	87.5	18	US	Female	12	Asian	Yes	995	664.413	No	NA	NA	0	0	0	0	0	0	0	0	0
5f2dad07a2eef40aaef6edb6	z	-62.5	21	US	Female	12	Asian	No	586	664.515	No	NA	NA	0	0	0	0	0	0	0	0	0
5f3847dff97940117558fe41	slash	0	28	US	Male	18	White	No	2000	1367.852	No	NA	NA	0	1	0	1	0	0	0	0	1
5f3aff819bf5ad209a13d568	slash	50	27	US	Female	12	Black or African American	No	529.5	800.139	No	NA	NA	0	0	0	0	0	0	0	0	0
5f3c23cbcee6b3a3c4faff76	z	-100	24	US	Female	12	White	No	615	840.056	No	NA	NA	0	0	0	0	0	0	0	0	0
5f3d42de03555c0832cbef73	slash	25	20	US	Female	12	White	No	791.5	764.667	No	NA	NA	0	0	0	0	0	0	0	0	0
5f48c192be8b6224c26c3e50	slash	-75	39	US	Female	12	White	No	723.5	733.974	No	NA	NA	0	0	0	0	0	0	0	0	0
5f49f3262a3d07563d14a7f1	z	-100	28	US	Male	16	White	No	432.5	841.363	No	NA	NA	0	0	0	0	0	0	0	0	0
5f4d3cb5fdda0b2c403fb801	slash	75	25	US	Not listed: non-binary	14	Asian	No	387.5	716.158	No	NA	NA	0	0	0	0	0	0	0	0	0
5f4e7311fe19f004679bd5c0	z	100	23	US	Male	12	White	No	519.5	482.644	No	NA	NA	0	0	0	0	0	0	0	0	0
5f4efbf90b8cc113d26921a4	slash	0	23	US	Male	16	White	No	476.5	536.572	No	NA	NA	0	0	0	0	0	0	0	0	0
5f4fd146ee39f70f490889c9	slash	100	24	US	Male	14	White	No	575	910.032	No	NA	NA	0	0	0	0	0	0	0	0	0
5f500418133110165a1539a9	slash	-100	26	US	Female	16	Black or African American	No	532	711.594	No	NA	NA	0	0	0	0	0	0	0	0	0
5f504fd2cc049d1cbf29c40d	z	100	29	US	Male	12	Black or African American	No	530.5	566.102	No	NA	NA	0	0	0	0	0	0	0	0	0
5f50732850c7c600098593df	z	100	23	US	Male	12	Black or African American	Yes	435.5	675.412	No	NA	NA	0	0	0	0	0	0	0	0	0
5f50b1bbe29c992335098fb1	slash	75	32	US	Female	12	White	No	528	745.757	No	NA	NA	0	0	0	0	0	0	0	0	0
5f556bd46e6c4c93a5a90c77	slash	100	21	US	Female	12	Asian	No	857.5	835.231	No	NA	NA	0	0	0	0	0	0	0	0	0
5f67eb3f24636b4105db4826	z	100	37	US	Male	16	White	No	478.5	650.136	No	NA	NA	0	0	0	0	0	0	0	0	0
5f6b8930b9d9530b1b065360	slash	-25	40	US	Male	16	White	Yes	537.5	657.873	No	NA	NA	0	0	0	0	0	0	0	0	0
5f6d0c1efaad4d16c44fdd6d	slash	50	24	US	Female	12	Other	No	407.5	584.305	No	NA	NA	0	0	0	0	0	0	0	0	0
5f7adf44d2ddfa74d5019c3d	z	100	33	US	Male	12	Multiple	No	544	612.388	No	NA	NA	0	0	0	0	0	0	0	0	0
5f8120ed0c4ed61e386b4302	z	-50	26	US	Female	16	White	No	652.5	668.686	No	NA	I got a bit tired during the test	0	0	0	0	0	0	0	0	0
5f877e0715f8781a0c7c3ab8	z	100	38	US	Male	16	White	No	759	674.84	No	NA	NA	0	0	0	0	0	0	0	0	0
5f878ac24e7e5f1ba4237c09	slash	75	36	US	Male	12	White	Yes	610	558.872	No	NA	Maybe make the practice round shorter, this isn't a complicated task.	0	0	0	0	0	0	0	0	0
5f88dbd56a6aff03a935b5f8	z	37.5	25	US	Male	16	Black or African American	Yes	410	642.769	No	NA	NA	0	0	0	0	0	0	0	0	0
5f898a035298a803c5a7b8d1	slash	-100	33	US	Female	18	Multiple	No	894	638.283	No	NA	NA	0	0	0	0	0	0	0	0	0
5f94a8e7fa8c422fc88940b0	slash	-100	30	US	Male	14	White	No	833.5	665.325	No	NA	NA	0	0	0	0	0	0	0	0	0
5f95a44920f542417f4263cb	z	100	24	US	Male	12	White	Yes	741	590.171	No	NA	NA	0	0	0	0	0	0	0	0	0
5f974c72a0ed8c0f9ce724ea	slash	100	31	US	Male	16	Multiple	No	762	646.099	No	NA	NA	0	0	0	0	0	0	0	0	0
5f9fb315ae6f085ff96c0cac	z	100	31	US	Male	12	White	No	894	697.137	No	NA	NA	0	0	0	0	0	0	0	0	0
5fa4c21a04bc5912180291bc	z	-62.5	40	US	Male	12	Black or African American	No	522.5	2136.771	No	NA	Was it intended, for the prompts to flash on screen for only 0.26 seconds?  (Ha ha ha.)	0	0	0	0	0	0	0	0	0
5fa4f94e535f3b1aa628e0ab	z	100	29	US	Male	18	Asian	No	789	596.387	No	NA	NA	0	0	0	0	0	0	0	0	0
5fa8300f0967d163ec3c05c3	slash	100	30	US	Male	16	Black or African American	No	523	666.133	No	NA	NA	0	0	0	0	0	0	0	0	0
5fb0a3d6a8e4224b973e750b	slash	-100	24	US	Male	12	White	Yes	419	2058.461	No	NA	NA	0	0	0	0	0	0	0	0	0
5fb142fa3d818059f4cd5497	z	87.5	34	US	Male	16	White	No	349	645.824	Yes	NA	I felt like I did better with the first part then the second part. I was quicker to trigger the button for the slash and was wrong more than with the z.	0	0	0	0	0	0	1	0	1
5fbd371dc57ae80a38ba00c2	slash	-12.5	33	US	Male	16	Black or African American	No	952	1113.814	No	NA	NA	0	0	0	0	0	0	0	0	0
5fc150bd290b5717801b5821	slash	87.5	19	US	Male	12	White	No	724.5	640.358	No	NA	NA	0	0	0	0	0	0	0	0	0
5fc30c35704ddd267cc9123f	slash	-100	35	US	Female	12	White	No	899.5	922.596	No	NA	NA	0	0	0	0	0	0	0	0	0
5fc3d41149c0c8728f07b95b	slash	-37.5	31	US	Male	12	White	No	557	775.911	No	NA	NA	0	0	0	0	0	0	0	0	0
5fd15934025b991384ef1116	z	100	37	US	Male	12	White	No	744	610.043	No	NA	NA	0	0	0	0	0	0	0	0	0
5fd53e2d08163d37f7cb72f6	z	87.5	38	US	Male	16	Multiple	No	509.5	664.386	No	NA	NA	0	0	0	0	0	0	0	0	0
5fd7782dee03dc08d3f3f491	z	87.5	39	US	Male	14	White	No	1007.5	697.546	No	NA	Thanks for the fun study	0	0	0	0	0	0	0	0	0
5fdd6ae284b3a9449c87a064	slash	100	33	US	Female	16	Asian	No	483.5	541.777	No	NA	NA	0	0	0	0	0	0	0	0	0
5fea7e34e1506a5df25419ec	z	50	38	US	Female	16	White	No	541.5	651.749	No	NA	NA	0	0	0	0	0	0	0	0	0
5fea9f4983f6afa8281acf14	z	-87.5	28	US	Male	16	White	No	887	612.374	No	NA	NA	0	0	0	0	0	0	0	0	0
5fec281aeae543d80d09fbc0	z	-100	31	US	Female	14	White	No	434	622.645	No	NA	NA	0	0	0	0	0	0	0	0	0
5fed6c9c0d786daf31f29f3d	z	-87.5	35	US	Female	16	Asian	No	556	662.303	No	NA	NA	0	0	0	0	0	0	0	0	0
5fee2749ad8fba1104bd0f5b	z	-50	34	US	Female	16	White	No	505	933.787	No	NA	Much appreciated the experiment needed me to hit space to advance instead of just going.	0	0	0	0	0	0	0	0	0
5feff5d30ad48b39d17b9c25	slash	100	34	US	Female	16	Black or African American	No	924.5	671.653	No	NA	I thinkm I psyched myself out a few times	0	0	0	0	0	0	0	0	0
5ff0e3319cc6b3ff560a1d4d	slash	62.5	27	US	Female	16	White	No	403	533.448	No	NA	NA	0	0	0	0	0	0	0	0	0
5ff2240a2f567121402762e6	z	37.5	32	US	Male	16	White	No	844.5	633.964	No	NA	none	0	0	0	0	0	0	0	0	0
600c3219a434df2de6427feb	z	100	39	US	Male	12	White	No	408	535.712	No	NA	NA	0	0	0	0	0	0	0	0	0
600dcdff34fef66077146d8e	slash	-37.5	24	US	Male	16	White	No	302	916.984	No	NA	NA	0	0	0	0	0	0	0	0	0
60163bb2b88fc70a66a6052b	z	87.5	33	US	Female	14	Asian	Yes	471	616.88	No	NA	That was fun!	0	0	0	0	0	0	0	0	0
6018a5c0e1600b187ccb8693	slash	-100	25	US	Male	12	Asian	No	140	434.341	No	NA	NA	1	1	1	0	0	0	0	0	1
601d69a993d94008fb2b25dc	z	62.5	27	US	Male	12	Black or African American	No	851.5	864.687	No	NA	NA	0	0	0	0	0	0	0	0	0
602a8f9033061909d48b1d04	z	-50	20	US	Female	12	White	No	599	532.012	No	NA	This was kind of fun	0	0	0	0	0	0	0	0	0
602d71e6fe40c079523df438	slash	-87.5	36	US	Female	12	White	No	1133.5	652.217	No	NA	NA	0	0	0	0	0	0	0	0	0
60306cf6330619ee41fa3cd2	slash	100	31	US	Male	16	White	No	882	589.311	No	NA	N/A	0	0	0	0	0	0	0	0	0
603d6ae665fbaacb5621ede2	z	-50	25	US	Male	14	Black or African American	No	166.5	348.929	No	NA	NA	1	0	1	0	0	0	0	0	1
60413ee98b05db0b2f74a0c7	slash	87.5	20	US	Male	14	Black or African American	No	697.5	662.885	No	NA	really cool!	0	0	0	0	0	0	0	0	0
6041d51ff984371e3b18172d	z	87.5	25	US	Female	16	White	No	546	598.517	No	NA	NA	0	0	0	0	0	0	0	0	0
6045267ffa48c161ab686843	z	100	20	US	Male	16	White	No	904	661.081	No	NA	NA	0	0	0	0	0	0	0	0	0
6049273b7b4f029ba1c44e6b	slash	-37.5	22	US	Female	16	Multiple	No	470.5	680.285	No	NA	NA	0	0	0	0	0	0	0	0	0
605794cd71c6264c6798181b	z	100	22	US	Male	12	White	No	439.5	522.988	No	NA	NA	0	0	0	0	0	0	0	0	0
6060a822ebad58844bb482f1	slash	-100	33	US	Female	14	White	No	559	735.696	No	NA	NA	0	0	0	0	0	0	0	0	0
6060cc2bf9ba38d90b1a6f12	slash	-37.5	20	US	Male	14	Asian	No	645	560.139	No	NA	Thank you for the opportunity to participate in this study today. It was challenging, but everything in the study worked just fine and was clear as well as easy to understand.	0	0	0	0	0	0	0	0	0
6063a680ba3790e15ab14ba9	slash	0	39	US	Female	12	White	No	632.5	762.698	No	NA	NA	0	0	0	0	0	0	0	0	0
6068f61c52d7168e0c8b049f	slash	-100	35	US	Female	18	White	No	785	666.484	No	NA	NA	0	0	0	0	0	0	0	0	0
60734853295f4a6404bbf27f	z	-100	37	US	Female	16	White	No	712	1344.437	No	NA	NA	0	0	0	0	0	0	0	0	0
60737b97d01c3800e734921d	z	-100	30	US	Male	12	White	Yes	518	650.014	No	NA	NA	0	0	0	0	0	0	0	0	0
607778a26ff3de83125f50c5	slash	-100	36	US	Male	12	Asian	No	510.5	576.822	No	NA	NA	0	0	0	0	0	0	0	0	0
6079ff1600ff2b7455e1c3e0	z	75	20	US	Female	12	Black or African American	No	553.5	583.448	No	NA	NA	0	0	0	0	0	0	0	0	0
608349d97d46ab71fc6c7111	slash	-87.5	39	US	Female	16	Multiple	No	592	867.809	No	NA	NA	0	0	0	0	0	0	0	0	0
6089714497c6a46ebdf12234	z	50	27	US	Female	16	White	No	495.5	595.493	No	NA	NA	0	0	0	0	0	0	0	0	0
60897a1d66afbbe1bb33a8e2	slash	87.5	22	US	Female	12	White	No	742	634.294	No	NA	NA	0	0	0	0	0	0	0	0	0
608f2aa883599160c8b87a79	slash	75	32	US	Female	16	White	Yes	428	508.951	No	NA	NA	0	0	0	0	0	0	0	0	0
6091ab55ea2e97910519f8e7	slash	-37.5	28	US	Female	16	Black or African American	Yes	644	699.242	No	NA	NA	0	1	0	0	0	0	0	0	1
6091ebb375f9f6e9e1acaef8	slash	25	22	US	Male	16	White	Yes	843	1024.163	No	NA	NA	0	0	0	0	0	0	0	0	0
609b6c918ad180505fefd919	slash	100	29	US	Female	16	Asian	No	648	937.565	No	NA	NA	0	0	0	0	0	0	0	0	0
609be3207792bc09e989b7e0	slash	62.5	30	US	Male	12	White	No	624	597.874	No	NA	NA	0	0	0	0	0	0	0	0	0
60a55d4bb6bd9be6c95b89eb	z	-75	27	US	Female	18	White	No	418	607.667	No	NA	NA	0	0	0	0	0	0	0	0	0
60a8343c2e4dd727c4833eb6	slash	100	21	US	Female	12	White	Yes	501	607.155	No	NA	NA	0	0	0	0	0	0	0	0	0
60b7d18beb67181cd97d7ac5	z	-37.5	36	US	Male	16	White	No	778.5	623.399	No	NA	NA	0	0	0	0	0	0	0	0	0
60b8242021561f7827855c02	z	100	37	US	Female	8	White	No	695	904.984	No	NA	The very first time I had to hit the spacebar to start the experiment, hitting the spacebar did nothing. I just started touching random keys until it initiated. I am not sure which one caused the experiment to start. After that, the spacebar always worked fine. I am not sure if it was an issue on my end or the experiment program.	0	0	0	0	0	0	0	0	0
60ba2ffd080107de026041d3	slash	100	32	US	Male	16	White	No	653	553.093	No	NA	NA	0	0	0	0	0	0	0	0	0
60bd80a54df9675c7f842774	slash	100	30	US	Male	12	White	No	964.5	623.987	No	NA	NA	0	0	0	0	0	0	0	0	0
60bfe979f044ae9801bac501	z	12.5	26	US	Male	12	White	No	471	702.534	No	NA	NA	0	0	0	0	0	0	0	0	0
60c0eae0a61a05f2b626b6de	z	62.5	32	US	Male	14	Multiple	No	617	526.15	No	NA	NA	0	0	0	0	0	0	0	0	0
60c80c19de11452191e78dd5	slash	87.5	36	US	Male	18	White	No	780.5	815.704	No	NA	NA	0	0	0	0	0	0	0	0	0
60ce9fa3d9f9a088647a62ba	slash	100	31	US	Male	16	Black or African American	No	644.5	613.246	No	NA	maybe give a little countdown before the first one or have to press space again after the instructions	0	0	0	0	0	0	0	0	0
60d099f849987e86824eedcd	slash	-50	32	US	Female	16	White	No	1094	796.222	No	NA	NA	0	0	0	0	0	0	0	0	0
60d2d061fd054556769ca306	slash	-50	19	US	Male	12	Black or African American	No	547.5	617.853	No	NA	NA	0	0	0	0	0	0	0	0	0
60d5ff02fef54b0399953c12	slash	100	22	US	Male	12	White	No	525	596.644	No	NA	It moved a bit too fast for me but maybe that was that how it was supposed to be	0	0	0	0	0	0	0	0	0
60ddf5abb47cc02285793096	slash	-100	23	US	Female	12	White	No	621.5	650.442	No	NA	NA	0	0	0	0	0	0	0	0	0
60ded53d38608c2fa0d1ac4f	slash	100	19	US	Male	12	White	No	876	700.817	No	NA	NA	0	0	0	0	0	0	0	0	0
60dfc07ddcd24dcc266d8690	z	100	26	US	Male	18	White	Yes	459	600.912	No	NA	Accidentally pressed """"""""/"""""""" on one of the """"""""/"""""""" tasks.	0	0	0	0	0	0	0	0	0
60e1d5f866e681d7e33fd01c	slash	-62.5	39	US	Not listed: agender	12	White	No	530.5	988.784	No	NA	NA	0	0	0	0	0	0	0	0	0
60e2600a329d5ebfcb54b413	z	-100	27	US	Female	16	Black or African American	No	785	766.01	No	NA	none	0	0	0	0	0	0	0	0	0
60e49c6274c1be146fa85140	z	100	30	US	Female	18	White	No	794.5	634.584	No	NA	NA	0	0	0	0	0	0	0	0	0
60e9b19b0104bf65f6a92237	z	87.5	20	US	Female	12	Multiple	No	381	555.189	No	NA	NA	0	0	0	0	0	0	0	0	0
60ec54c58f88686dadb1a0c9	z	-62.5	33	US	Male	16	White	No	705.5	661.762	No	NA	NA	0	0	0	0	0	0	0	0	0
60ed0e7149a025da16189d35	slash	75	28	US	Male	12	White	No	585	663.976	No	NA	NA	0	0	0	0	0	0	0	0	0
60f39f67a5c2c9e50ce470ee	z	100	34	US	Female	16	White	No	493	733.3	No	NA	NA	0	0	0	0	0	0	0	0	0
60f5f8769fc9289a9e518129	slash	-100	36	US	Female	16	White	No	518	601.322	No	NA	NA	0	0	0	0	0	0	0	0	0
60f6de25f86ba8d688779946	slash	87.5	31	US	Female	21	White	No	960	663.005	No	NA	NA	0	0	0	0	0	0	0	0	0
60fc2ec58ad0da367daee3c1	z	100	33	US	Female	12	White	No	714	663.881	Yes	NA	NA	0	0	0	0	0	0	1	0	1
60fcc58f020a0d9d03ce0e2e	z	100	20	US	Male	12	White	No	633	559.353	No	NA	NA	0	0	0	0	0	0	0	0	0
60fcd9368e8d2b8740cf9251	z	87.5	21	US	Female	12	Multiple	No	443.5	664.888	No	NA	n/a	0	0	0	0	0	0	0	0	0
60fd592929e8016e53a167a6	z	100	22	US	Female	8	White	No	516.5	644.584	No	NA	NA	0	0	0	0	0	0	0	0	0
60fd6607e7beec3c98d994b1	slash	87.5	25	US	Female	12	White	No	965.5	735.704	No	NA	NA	0	0	0	0	0	0	0	0	0
60fd6697546be8a6eb141693	z	100	23	US	Male	12	White	Yes	902	683.265	No	NA	NA	0	0	0	0	0	0	0	0	0
60fd9531d59bcac5313f6345	z	-75	23	US	Female	12	Asian	No	658.5	671.225	No	NA	NA	0	0	0	0	0	0	0	0	0
60fdd7ce470f6c1005cb87cb	z	-87.5	30	US	Female	14	White	No	631.5	710.258	No	NA	NA	0	0	0	0	0	0	0	0	0
60fec21e36a05990cfa8a715	z	87.5	25	US	Female	12	White	No	561	734.225	No	NA	NA	0	0	0	0	0	0	0	0	0
60feeffdd94575eb62a4e011	z	100	21	US	Female	12	White	No	898	644.277	No	NA	NA	0	0	0	0	0	0	0	0	0
60fef6813613ab668c778a8a	z	100	27	US	Female	16	White	No	814	664.809	No	NA	NA	0	0	0	0	0	0	0	0	0
60ff18bdffbecdc08f0ff60f	z	100	26	US	Female	18	White	No	748.5	629.973	No	NA	NA	0	0	0	0	0	0	0	0	0
60ff5f95b4b604bb19bd526a	slash	-100	21	US	Female	12	White	Yes	815.5	662.364	No	NA	NA	0	0	0	0	0	0	0	0	0
610024bfd6e1038ba3b1601d	slash	100	30	US	Female	12	White	No	963	842.79	No	NA	I think i forgot to put my Prolific ID in in the begining it is 610024bfd6e1038ba3b1601d	0	0	0	0	0	0	0	0	0
610047b6625158629496c7cd	z	0	25	US	Female	18	White	No	362	463.017	No	NA	NA	0	0	0	0	0	0	0	0	0
61004e962509f21ce295df3d	z	62.5	25	US	Female	16	Asian	No	508.5	610.105	No	NA	I had to restart my computer to be able to use this app. It wouldn't let me open my files or click next on your survey.	0	0	0	0	0	0	0	0	0
6100511e208bbea9bfc3154b	slash	87.5	30	US	Female	18	White	No	381.5	645.32	No	NA	NA	0	0	0	0	0	0	0	0	0
6100544802b385d8df434779	slash	-62.5	23	US	Female	12	Asian	No	813.5	651.455	Not sure (please explain):	I've completed something of a similar nature (i.e. implicit biases tests, inattentive test for ADHD)	n/a	0	0	0	0	0	0	0	0	0
61007d09430c3904b407fabb	z	-50	21	US	Female	12	Asian	No	772.5	642.995	No	NA	NA	0	0	0	0	0	0	0	0	0
6101930ddd5330f83b898c61	z	100	21	US	Female	12	White	No	435.5	625.964	No	NA	NA	0	0	0	0	0	0	0	0	0
61019ecfc479810360afbd54	slash	75	22	US	Female	12	White	No	705.5	644.739	No	NA	NA	0	0	0	0	0	0	0	0	0
6101ea599d7b137f326399c8	slash	-50	29	US	Female	12	White	No	991	689.53	No	NA	NA	0	0	0	0	0	0	0	0	0
6102dacce29b57b1e268c13a	z	-100	23	US	Female	16	White	No	842	617.347	No	NA	NA	0	0	0	0	0	0	0	0	0
6102f78ac1791768db58ed54	z	62.5	23	US	Female	12	White	No	689.5	692.606	No	NA	NA	0	0	0	0	0	0	0	0	0
6104b1c50f6057c1d8a6e3a6	z	100	26	US	Female	18	White	No	651.5	726.966	No	NA	there was a little delay to move onto the second half of the task, maybe a tech issue?	0	0	0	0	0	0	0	0	0
6105a3ab3439f5af30a3777b	slash	100	26	US	Female	16	White	Yes	575	636.484	No	NA	NA	0	0	0	0	0	0	0	0	0
610735660c7ea715d047205b	slash	-75	24	US	Female	14	White	No	503.5	561.36	No	NA	NA	0	0	0	0	0	0	0	0	0
610810c0356aacedc8cbc6f0	z	100	30	US	Not listed: non-binary	16	White	No	738.5	629.518	No	NA	I hope that was supposed to be difficult haha	0	0	0	0	0	0	0	0	0
610810dfb6e2212896f5d084	z	100	19	US	Male	12	White	No	597.5	622.66	No	NA	NA	0	0	0	0	0	0	0	0	0
6108553abbf7a922fb6cfa3a	z	100	24	US	Female	16	White	No	801	679.771	No	NA	NA	0	0	0	0	0	0	0	0	0
610855877c8363d76b3e6338	slash	100	34	US	Female	16	White	No	583.5	614.722	No	NA	NA	0	0	0	0	0	0	0	0	0
61087e4fc006ee7d6be38641	slash	100	28	US	Male	16	White	No	430.5	1209.37	No	NA	NA	0	0	0	0	0	0	0	0	0
610898813e48dc2864965122	z	-37.5	26	US	Male	12	Multiple	No	507.5	540.568	No	NA	The study seemed to freeze for a second in the middle. Pressing spacebar to advance to the next part would not work for the first few attempts.	0	0	0	0	0	0	0	0	0
6108bb33c59f5718fbf341e5	z	100	28	US	Female	14	White	No	421	1065.681	No	NA	NA	0	0	0	0	0	0	0	0	0
610969a2d61be5c3ba90fa9e	slash	100	22	US	Female	16	White	No	853	627.449	No	NA	NA	0	0	0	0	0	0	0	0	0
61097e0464a4a922602d495b	z	75	22	US	Female	16	White	No	653	561.295	No	NA	NA	0	0	0	0	0	0	0	0	0
6109f35a1b748c0a8876d117	slash	100	23	US	Female	18	Multiple	No	427	499.414	Yes	NA	NA	0	0	0	0	0	0	1	0	1
610c33fa86d4d9bbc1345e36	z	87.5	19	US	Female	12	White	No	679.5	612.148	No	NA	NA	0	0	0	0	0	0	0	0	0
610d505ad461a3607f6ec804	z	-75	28	US	Male	18	White	No	798	614.948	No	NA	NA	0	0	0	0	0	0	0	0	0
610f7244c65ae4e57858a700	z	-37.5	21	US	Female	12	Black or African American	No	409.5	925.765	No	NA	NA	0	0	0	0	0	0	0	0	0
61108719ddb956bd0e94733d	slash	100	30	US	Female	16	Multiple	No	583.5	699.812	No	NA	It felt easier to process the information presented when i was using my left hand to press z.	0	0	0	0	0	0	0	0	0
6110a371c00388d587922ff1	slash	-100	35	US	Female	14	White	No	842	694.02	No	NA	NA	0	0	0	0	0	0	0	0	0
6110bd9e993f6fa5560b68f5	z	100	24	US	Male	16	White	No	743	592.486	No	NA	NA	0	0	0	0	0	0	0	0	0
6110cb9fd3ba23cecacc8fc4	slash	75	20	US	Male	12	Multiple	No	527.5	501.788	No	NA	NA	0	0	0	0	0	0	0	0	0
6110d2e3247a4ddc7c440cc5	slash	100	20	US	Female	12	White	No	766	646.594	No	NA	NA	0	0	0	0	0	0	0	0	0
6110d7f556da416401efdd5f	slash	100	24	US	Female	16	Multiple	No	451.5	519.201	No	NA	No	0	0	0	0	0	0	0	0	0
611101548d78ab5ec3a9c42e	z	25	37	US	Male	14	Multiple	No	652.5	694.449	Not sure (please explain):	It looks similar to the tests I took as a kid when getting diagnosed with ADHD and ASD.	Thank you for letting me take part in your study. Happy Holidays and Happy New Year!	0	0	0	0	0	0	0	0	0
611118b967515e93dcf141f1	slash	-75	21	US	Male	12	White	Yes	610.5	554.261	No	NA	NA	0	0	0	0	0	0	0	0	0
611121bd6fc323df0d3c7e4f	z	100	19	US	Female	12	White	No	842.5	658.539	No	NA	NA	0	0	0	0	0	0	0	0	0
6111234ac8cfa49e38acbfb4	z	100	23	US	Female	16	White	No	884.5	635.075	No	NA	N/A	0	0	0	0	0	0	0	0	0
61114b774f9199a8f8f75de2	z	100	31	US	Female	12	Multiple	Yes	693	801.052	No	NA	NA	0	0	0	0	0	0	0	0	0
61116b7ba2ada479c60a86e7	slash	100	25	US	Female	16	White	Yes	729	720.757	No	NA	NA	0	0	0	0	0	0	0	0	0
6111747b20e9e9c8b651b36a	slash	100	25	US	Female	12	White	No	733.5	604.196	No	NA	NA	0	0	0	0	0	0	0	0	0
6111782b298eff6c31853ea8	z	-12.5	27	US	Female	16	White	No	586.5	780.34	No	NA	NA	0	0	0	0	0	0	0	0	0
611195657110219178aa70e1	slash	62.5	30	US	Male	16	White	No	907.5	667.74	No	NA	NA	0	0	0	0	0	0	0	0	0
6111c4865701e1ba367af3e3	z	100	24	US	Female	18	White	No	568	565.158	No	NA	NA	0	0	0	0	0	0	0	0	0
6111f586fe99b25bb899861a	slash	87.5	22	US	Female	12	Black or African American	No	673	733.967	No	NA	NA	0	0	0	0	0	0	0	0	0
611285de4477f8152efce6e8	slash	-62.5	38	US	Female	18	White	Yes	320.5	770.624	Yes	NA	NA	0	0	0	0	0	0	1	0	1
6112dba8e2eb90519a46e6cf	slash	100	24	US	Female	16	White	No	728	545.602	No	NA	NA	0	0	0	0	0	0	0	0	0
611325c23a34bedb5feed16b	slash	100	22	US	Female	16	White	No	621	745.117	No	NA	NA	0	0	0	0	0	0	0	0	0
6113ffbf45e79bc2769db74c	z	25	22	US	Female	14	Black or African American	No	737	797.305	No	NA	NA	0	0	0	0	0	0	0	0	0
61188057fe5a395476806c12	z	-12.5	31	US	Female	16	White	No	563.5	511.197	No	NA	NA	0	0	0	0	0	0	0	0	0
6119ccaad19b17d52526b724	slash	-100	25	US	Female	16	White	No	418.5	561.106	No	NA	NA	0	0	0	0	0	0	0	0	0
611b38dea7f1754225fa39bf	slash	-87.5	22	US	Female	16	White	No	510	568.669	No	NA	NA	0	0	0	0	0	0	0	0	0
611bb1fb49fbb5b94a8b5e46	slash	-100	38	US	Female	12	White	No	382.5	622.802	No	NA	NA	1	0	0	0	0	0	0	0	1
611bd6da73757bf5ad0ced0a	z	87.5	30	US	Female	18	White	No	697	655.018	No	NA	NA	0	0	0	0	0	0	0	0	0
611f123e92042b11d0b1ef8d	slash	87.5	19	US	Female	12	White	No	508	756.319	No	NA	NA	0	0	0	0	0	0	0	0	0
612274842d4805447451f87b	slash	87.5	28	US	Female	14	Black or African American	No	323	685.269	No	NA	NA	0	0	0	0	0	0	0	0	0
6122db5a591eaf8ee07cf3d0	slash	100	23	US	Male	16	White	No	506.5	929.994	No	NA	NA	0	0	0	0	0	0	0	0	0
6123d27b5481e1189844b7b0	slash	50	23	US	Male	16	White	No	393	519.327	No	NA	NA	0	0	0	0	0	0	0	0	0
61281debe85082cc937dd9ae	slash	100	31	US	Female	18	White	No	656	626.21	No	NA	NA	0	0	0	0	0	0	0	0	0
612ba4bfee20a1ffc86116f9	z	-62.5	19	US	Female	12	White	No	908.5	793.074	No	NA	NA	0	0	0	0	0	0	0	0	0
612c6bd26f5f81c5765989d9	slash	-50	31	US	Male	12	American Indian or Alaska Native	No	1015	934.439	No	NA	None.	0	0	0	0	0	0	0	0	0
612d20ea1043719545f90f62	slash	75	36	TW	Male	21	Asian	No	666	679.504	No	NA	NA	0	0	0	0	1	0	0	0	1
612e91f6654fd2227289c863	z	-12.5	32	US	Male	12	White	No	516.5	560.906	No	NA	NA	0	0	0	0	0	0	0	0	0
612fcbbd5386d9edb42da147	z	50	33	US	Male	8	White	No	731.5	650.914	No	NA	N/A	0	0	0	0	0	0	0	0	0
613461a8b9035cf9b29ad84d	slash	100	20	US	Female	12	White	No	921	668.221	No	NA	NA	0	0	0	0	0	0	0	0	0
6138de7da0cd911868bd8d03	slash	-87.5	31	US	Female	16	White	No	587	605.199	No	NA	NA	0	0	0	0	0	0	0	0	0
613909e5cf0d18ff1e3162a9	slash	75	20	US	Female	12	White	No	528	556.088	No	NA	NA	0	0	0	0	0	0	0	0	0
613e399e5615a34457efcb44	slash	-100	25	US	Male	14	Multiple	Yes	641.5	719.331	No	NA	NA	0	0	0	0	0	0	0	0	0
6146adbeaabe03f64697f9ab	slash	-87.5	22	US	Female	14	White	No	495.5	594.469	No	NA	NA	0	0	0	0	0	0	0	0	0
614bbf1e7de43dee7386fe3f	slash	100	27	US	Male	16	White	No	432	416.109	No	NA	NA	0	0	0	0	0	0	0	0	0
614d465852620924f85603c8	z	100	35	US	Female	12	Black or African American	No	484	1582.336	No	NA	NA	0	0	0	0	0	0	0	0	0
614d673e3a5fd5cb2b5b6eb7	z	-50	22	US	Female	12	White	No	636.5	638.317	No	NA	Nope! Thank you:)	0	0	0	0	0	0	0	0	0
614e0825d40616c90ebc1d49	slash	-25	33	US	Male	16	Multiple	No	584	510.394	No	NA	NA	0	0	0	0	0	0	0	0	0
614ea93d581d6f4281e9d232	z	62.5	38	US	Female	12	White	No	624.5	642.344	No	NA	NA	0	0	0	0	0	0	0	0	0
614f571879ee135c5a579e08	slash	100	28	US	Male	12	Black or African American	No	909	738.993	No	NA	NA	0	0	0	0	0	0	0	0	0
6150af603e26f4482fedf8d9	slash	-50	40	US	Male	12	Multiple	No	695	762.874	No	NA	no	0	0	0	0	0	0	0	0	0
6153226d04ed5dce3aaa9703	z	-100	24	US	Male	16	White	No	814	680.422	No	NA	NA	0	0	0	0	0	0	0	0	0
6154a88b71a7f4347658b0f7	slash	100	18	US	Female	12	Multiple	No	452.5	1052.655	No	NA	NA	0	0	0	0	0	0	0	0	0
6155d24e3306f96464879b38	z	100	22	US	Female	16	White	No	1009	1918.751	No	NA	NA	0	0	0	0	0	0	0	0	0
615cee2b2f844e72c397977a	z	100	20	US	Male	12	White	No	824	608.786	No	NA	NA	0	0	0	0	0	0	0	0	0
615d0be013a41d01a6cace87	slash	75	19	US	Female	12	White	No	581.5	596.029	No	NA	NA	0	0	0	0	0	0	0	0	0
615e1782e969d4939045c54f	z	100	31	US	Male	16	Black or African American	No	1053	1008.976	No	NA	NA	0	1	0	0	0	0	0	0	1
6160b0eb22d84b34a1b79b2f	slash	-87.5	19	US	Female	12	Asian	No	544	549.017	No	NA	NA	0	0	0	0	0	0	0	0	0
61612338ddccab2e68b3e3cc	slash	-75	32	US	Female	12	White	No	528.5	2931.225	No	NA	So I took a while to do the first part of the task. I hope it doesn't hurt me, as far as the payout. Thank you, for the study. That was actually pretty cool.	0	0	0	0	0	0	0	0	0
61664d58d18ca2325a81008e	z	100	28	US	Female	16	White	No	911	660.326	No	NA	NA	0	0	0	0	0	0	0	0	0
6168cbfbad1cc13ba73ade6e	slash	100	28	US	Male	16	White	No	640	1002.781	No	NA	NA	0	0	0	0	0	0	0	0	0
616c9115b3a3d2f885822a57	slash	87.5	36	US	Male	16	White	No	608.5	892.739	No	NA	NA	0	0	0	0	0	0	0	0	0
616d0c1b16a0437469b6cd74	slash	100	33	US	Female	12	Black or African American	No	903.5	715.448	No	NA	Good and fun study!	0	0	0	0	0	0	0	0	0
616d9ef881036dfbfd63d2f4	z	100	33	US	Male	16	White	No	1017.5	957.412	No	NA	NA	0	0	0	0	0	0	0	0	0
616faf3ab8c53e7a73a5dea5	slash	100	22	US	Female	16	White	No	839.5	689.371	No	NA	NA	0	0	0	0	0	0	0	0	0
6171125c1d572c106f10824e	z	100	38	US	Female	16	White	No	493.5	596.492	No	NA	NA	0	0	0	0	0	0	0	0	0
61729e07e7b9b645c1741ca9	slash	50	22	US	Female	12	Black or African American	No	1548.5	801.699	No	NA	NA	0	1	0	1	0	0	0	0	1
6172cf92f2ea6613f717abb6	slash	62.5	28	US	Male	16	White	No	482.5	577.467	No	NA	NA	0	0	0	0	0	0	0	0	0
61741ba984f258d5c6a1303c	z	-37.5	25	US	Male	16	White	No	663.5	579.533	No	NA	N/A	0	0	0	0	0	0	0	0	0
61fa92f15719bc09cb834b86	slash	100	21	US	Male	16	Asian	No	764.5	529.916	No	NA	NA	0	1	0	0	0	0	0	0	1
62349b2406ea604d296bd69d	z	0	32	US	Female	12	White	No	606	624.414	No	NA	NA	0	0	0	0	0	0	0	0	0
6234b7dcc6c6e13d5121ad28	slash	-100	31	US	Male	16	Black or African American	No	856	863.711	No	NA	NA	0	0	0	0	0	0	0	0	0
62354223d36eda662355a9c0	z	-100	40	US	Male	16	White	No	629	682.309	No	NA	NA	0	0	0	0	0	0	0	0	0
62713a003caa3feec5c6a0ba	slash	12.5	31	US	Male	12	White	No	472	463.738	No	NA	NA	0	0	0	0	0	0	0	0	0
6272abac31a465b0f22fb7c1	slash	100	38	US	Male	14	White	No	816	586.909	No	NA	NA	0	0	0	0	0	0	0	0	0
62769797db0ff6f93df21cda	z	-100	40	US	Male	12	White	No	773	772.223	No	NA	I say instead of using the Z and / keys on your computer you should to the left and right arrow keys on the right side of keyboard.also if the square or circle either being the big square and circle or the little ones you hit the left key and if its on the right you click the right arrow key.it would show you guys  the people taking the survey are paying attention to the location of the key.	0	0	0	0	0	0	0	0	0
627a7fc214142c6f228e84fb	slash	-37.5	26	US	Female	12	White	No	862.5	732.071	No	NA	NA	0	0	0	0	0	0	0	0	0
627e7b6d33e1df14160c05ba	z	100	24	US	Female	12	White	No	1030	867.175	No	NA	That was really, really interesting. I don't know why, but using my right hand to press the keys made things significantly easier.	0	0	0	0	0	0	0	0	0
628510a698e9e63b21ef9139	z	100	30	US	Male	18	White	No	499.5	679.435	No	NA	NA	0	0	0	0	0	0	0	0	0
62853fe01fa0d21c4daacfcb	slash	-100	25	US	Male	12	Black or African American	No	438.5	784.356	Not sure (please explain):	I've done a lot of random tasks where I have to press a button quickly in response to something and it's hard to remember them all, and honestly I just couldn't rule out having done this particular type of task with the big and the little shapes before, but I also couldn't necessarily say that I have done it before either, but I just don't really know.	My left arm might have been a little bit tired at the start of the task since I tend to lean on it a little bit when I use a computer, but I did try to make sure it was at rest the same as my right arm was when I did the task.	0	0	0	0	0	0	0	0	0
6285706b066c6502c413e9a3	z	-75	26	US	Female	16	White	Yes	689	737.668	No	NA	NA	0	0	0	0	0	0	0	0	0
6285892c0fc742d49a255328	slash	-50	21	US	Male	12	White	Yes	446	592.106	No	NA	It was fun :)	0	0	0	0	0	0	0	0	0
62865e3456c142785cfad2a7	slash	100	29	US	Male	12	Multiple	Yes	874.5	1260.492	No	NA	Thank you for the study, I answered honestly and to the best of my abilities. I took my time to reread to fully understand, sorry.	0	0	0	0	0	0	0	0	0
628dec55823f672331c68577	z	87.5	23	US	Male	12	Black or African American	No	878	590.06	No	NA	NA	0	0	0	0	0	0	0	0	0
628f0d7e3055b5d1887916c5	slash	75	30	US	Male	12	White	No	519	608.335	No	NA	NA	0	0	0	0	0	0	0	0	0
628fb69f72e574bb9a8c1a47	z	62.5	37	US	Male	12	Multiple	No	614	591.934	No	NA	NA	0	0	0	0	0	0	0	0	0
628fde22d960fa7a63fb231d	z	-100	38	US	Male	16	Black or African American	No	771.5	1343.73	No	NA	N/A	0	0	0	0	0	0	0	0	0
629082739390703f993b12bd	z	12.5	29	US	Male	16	White	No	906.5	657.147	No	NA	NA	0	0	0	0	0	0	0	0	0
6290d05992a97c47797f9de3	z	100	40	US	Male	18	Multiple	No	823	590.305	No	NA	NA	0	0	0	0	0	0	0	0	0
62911ef14fd68295d60ba83b	slash	12.5	30	US	Male	18	White	Yes	1039.5	949.007	No	NA	NA	0	0	0	0	0	0	0	0	0
6294fce0aa6f8d12e0a7cd1e	z	87.5	32	US	Male	12	White	No	447.5	979.368	No	NA	NA	0	0	0	0	0	0	0	0	0
6296849bbd45e6accf130f07	z	0	31	US	Male	16	White	No	582.5	627.01	No	NA	NA	0	0	0	0	0	0	0	0	0
629753864174e42d30576cf8	slash	75	21	US	Male	12	White	No	533.5	533.439	No	NA	NA	0	0	0	0	0	0	0	0	0
62977ce96efd80b585b2d75d	z	100	27	US	Female	16	White	No	508.5	579.951	No	NA	NA	0	0	0	0	0	0	0	0	0
6297b5dba0b83527c9907832	slash	75	23	US	Male	14	Multiple	Yes	380.5	545.574	No	NA	NA	0	0	0	0	0	0	0	0	0
6298dd311a003b986813851b	z	100	40	US	Male	18	White	No	881.5	663.851	No	NA	NA	0	0	0	0	0	0	0	0	0
6298df7da7b45df1b730d3aa	slash	100	21	US	Male	12	Multiple	Yes	1034	819.265	No	NA	NA	0	0	0	0	0	0	0	0	0
629a7466cebc9523d66d4d8e	slash	100	23	US	Female	16	White	No	463.5	793.13	No	NA	NA	0	0	0	0	0	0	0	0	0
629e241d171ec6698e05f149	slash	-87.5	27	US	Male	12	Asian	No	728	619.296	No	NA	NA	0	0	0	0	0	0	0	0	0
629e633c82ed7bd84fce0f9a	slash	87.5	28	US	Male	12	White	No	559.5	516.436	No	NA	NA	0	0	0	0	0	0	0	0	0
62a0b34cbcc5987a8fa73c39	z	25	32	US	Male	16	White	No	433	523.074	No	NA	NA	0	0	0	0	0	0	0	0	0
62a33f5217536a32157d874e	z	87.5	31	US	Female	16	White	No	717.5	736.605	No	NA	NA	0	0	0	0	0	0	0	0	0
62a885d5b6af18b3d4579e1b	slash	50	30	US	Male	16	Multiple	No	612	467.68	No	NA	NA	0	0	0	0	0	0	0	0	0
62aa26592478d039ddeaaa4c	slash	75	31	US	Male	16	White	No	978	676.364	No	NA	I bat and golf with my left hand, I was supposed to be left handed but my parents forced me to be right handed in almost everything.	0	0	0	0	0	0	0	0	0
62adef58d6f991bb5660e772	z	100	31	US	Male	16	Multiple	No	861.5	793.175	No	NA	NA	0	0	0	0	0	0	0	0	0
62b055b8af4eda974466ad0d	slash	100	37	US	Female	12	White	No	720.5	628.779	No	NA	NA	0	0	0	0	0	0	0	0	0
62b0a213241d25b7185f43a4	slash	75	32	US	Male	14	White	No	524	684.586	No	NA	NA	0	0	0	0	0	0	0	0	0
62b17a23f40c54a776801476	z	75	31	US	Male	16	Asian	No	597	545.854	No	NA	none	0	0	0	0	0	0	0	0	0
62b9b95e108fbc4df78a2956	z	100	22	US	Male	16	White	No	418.5	576.216	No	NA	NA	0	0	0	0	0	0	0	0	0
62b9cf42a63194f71fc0a393	z	100	23	US	Female	16	American Indian or Alaska Native	No	524.5	725.745	No	NA	NA	0	0	0	0	0	0	0	0	0
62bb23c919ebfd3b0448e942	z	-37.5	32	US	Male	16	Asian	No	431.5	809.64	No	NA	NA	0	0	0	0	0	0	0	0	0
62c3430ae19d78462af9e743	z	0	37	US	Male	12	White	No	784.5	1863.432	No	NA	NA	0	0	0	0	0	0	0	0	0
62c396eed1893e06fdad4574	z	100	27	US	Male	16	Black or African American	No	584	518.935	No	NA	NA	0	0	0	0	0	0	0	0	0
62cd8af88ff531583cbd24a9	z	75	23	US	Female	12	White	No	713	816.902	No	NA	NA	0	0	0	0	0	0	0	0	0
62d09418cbdaeabefbbf9893	z	-25	39	US	Male	16	White	Yes	603	863.081	No	NA	Fun game. I think my right side won.	0	0	0	0	0	0	0	0	0
62d6e24cf74647ef51a16300	z	75	31	US	Male	12	White	No	733	571.447	No	NA	NA	0	0	0	0	0	0	0	0	0
62d8e75cba698660a22802c7	z	-100	20	US	Male	12	White	No	536	655.917	No	NA	NA	0	0	0	0	0	0	0	0	0
62dd2f0668b37a65531fae67	slash	0	39	US	Male	14	White	No	702	708.413	No	NA	I am dyslexic.	0	0	0	0	0	0	0	0	0
62df4f5f6812864868e9ea66	slash	-87.5	21	US	Male	14	White	No	602	740.059	No	NA	NA	0	0	0	0	0	0	0	0	0
62dfdd3c61b792d28de9d0e3	slash	62.5	29	US	Male	21	White	No	517	721.587	No	NA	NA	0	0	0	0	0	0	0	0	0
62e02537aeee3cf7f450869e	z	100	29	US	Female	12	White	No	647.5	987.671	No	NA	NA	0	0	0	0	0	0	0	0	0
62e0c93d54972f434349eda3	slash	-75	28	US	Female	16	White	No	580	1568.071	No	NA	NA	0	0	0	0	0	0	0	0	0
62e29cbc8c0f3271aae4d7bf	slash	87.5	20	US	Female	12	White	No	605.5	609.905	No	NA	NA	0	0	0	0	0	0	0	0	0
62e2d5c238c450c3579dfa91	z	-100	20	US	Male	12	White	No	707	684.998	No	NA	NA	0	0	0	0	0	0	0	0	0
62e7f9fec0521e596587319d	z	100	33	US	Male	16	White	No	969	681.858	No	NA	NA	0	0	0	0	0	0	0	0	0
62ea3271cc6c19525f896495	z	-87.5	31	US	Male	16	White	No	511.5	484.505	No	NA	When I scrolled to see if there was any more before the first test it wouldn't let me progress and I had to restart.	0	0	0	0	0	0	0	0	0
62ec219e5f3634408fb35580	slash	100	31	US	Female	16	White	No	870	768.642	No	NA	No	0	0	0	0	0	0	0	0	0
62ec3412706175ea98e11fba	slash	100	25	US	Male	12	Black or African American	Yes	761.5	575.22	No	NA	NA	0	0	0	0	0	0	0	0	0
62ecae2ce56ea262113d808d	z	37.5	22	US	Male	12	Asian	No	660	572.671	No	NA	NA	0	0	0	0	0	0	0	0	0
62ecb2993d7ecd89154af5d4	z	50	28	US	Female	12	White	No	846	804.383	No	NA	NA	0	0	0	0	0	0	0	0	0
62eee9fbde439d5853ce2efb	z	-62.5	21	US	Male	12	White	No	437.5	606.908	No	NA	NA	0	0	0	0	0	0	0	0	0
62f41a3f40490ce7273873ec	slash	-50	20	US	Male	12	White	No	669.5	675.13	No	NA	N/A	0	0	0	0	0	0	0	0	0
62f58a7129fb13cf46a08ae0	slash	50	29	US	Male	12	White	No	632	551.396	No	NA	NA	0	0	0	0	0	0	0	0	0
62f975cbc3507ecf77180d00	z	100	19	US	Male	12	White	No	452.5	576.331	No	NA	NA	0	0	0	0	0	0	0	0	0
62fb9a3f8da41fb2b6d28121	slash	75	33	US	Not listed: Nonbinary, genderfluid, transgender, demiwoman	16	Multiple	No	427.5	546.148	No	NA	This was absolutely irritating. I wear glasses though, so I already have shitty sight. I know for sure I got at least 5 wrong with my left hand.	0	0	0	0	0	0	0	0	0
63026053812fe400f2929701	slash	100	38	US	Male	8	Black or African American	Yes	790	732.603	No	NA	NA	0	0	0	0	0	0	0	0	0
630345dd92f26599c777a5fc	slash	100	39	US	Male	8	White	No	451	721.589	No	NA	I'm going crosseyed	0	0	0	0	0	0	0	0	0
6303fb5b692c378ba1d010f9	slash	75	32	US	Male	12	White	No	512.5	624.596	No	NA	NA	0	0	0	0	0	0	0	0	0
6306f070d4f94e56cb544400	z	-50	21	US	Male	12	White	No	660	608.372	No	NA	NA	0	0	0	0	0	0	0	0	0
6307a60f9142d2c42021840d	z	100	19	US	Male	12	White	No	404	524.559	No	NA	NA	0	0	0	0	0	0	0	0	0
630ab689392291ba70d7fd3d	slash	87.5	21	US	Male	12	White	No	694	850.009	No	NA	NA	0	0	0	0	0	0	0	0	0
630c1ad62af2905fb5bb3d1d	slash	75	40	US	Male	8	White	No	962.5	875.046	No	NA	This was neat.	0	0	0	0	0	0	0	0	0
630d42ab004b0f34fcf4b52e	slash	100	37	US	Male	14	White	No	549	666.632	No	NA	NA	0	0	0	0	0	0	0	0	0
630dd0429f7ec338d28e2de1	slash	-100	37	US	Male	8	Multiple	No	504	829.849	No	NA	NA	0	0	0	0	0	0	0	0	0
63106ea4e8fe9c6cd32bf358	z	62.5	27	US	Male	12	Black or African American	No	605.5	618.189	No	NA	NA	0	0	0	0	0	0	0	0	0
6310b35d758f80e9cf3f4e41	slash	50	20	US	Female	12	White	No	596.5	744.524	No	NA	I'm mixed handed, I use right hand for most """"""""daily"""""""" tasks ie writing, cutting, etc (although I can switch with cutting/using utensils) and my left hands for more sporty things, holding a bat, playing hockey, volleyball, tennis etc.	0	0	0	0	0	0	0	0	0
6310dbdfda69599720736665	slash	62.5	32	US	Female	18	White	No	440.5	596.178	No	NA	NA	0	0	0	0	0	0	0	0	0
6314395ce933c9b91e9be41a	z	87.5	30	US	Male	12	White	No	543.5	590.272	No	NA	NA	0	0	0	0	0	0	0	0	0
63162e1bbde3c4bb1d9d92a3	slash	87.5	33	US	Female	12	White	No	498.5	713.113	No	NA	NA	0	0	0	0	0	0	0	0	0
63178a6f2213dd2fe9ef8500	z	100	32	US	Male	21	White	No	663.5	588.98	No	NA	NA	0	0	0	0	0	0	0	0	0
63180ae1ae5d3ee3257d1e9e	z	100	23	US	Male	18	Multiple	No	406	546.484	No	NA	No, it was very interesting and well-explained, thanks.	0	0	0	0	0	0	0	0	0
631a1f357c56acbb68d5dc14	slash	-50	33	US	Female	16	White	No	650	651.125	No	NA	NA	0	0	0	0	0	0	0	0	0
631a68ee10ec68377cb03457	slash	100	36	US	Male	12	White	No	753.5	732.133	No	NA	NA	0	0	0	0	0	0	0	0	0
631b593a9bb21bb86ea260a7	slash	100	24	US	Male	16	White	Yes	664.5	803.763	No	NA	NA	0	0	0	0	0	0	0	0	0
631bb11a022ba038ef69e7b1	slash	12.5	21	US	Male	12	White	No	524	599.394	No	NA	I've been diagnosed with autism. I'm just adding that because as a developmental disorder, it can have all kinds of weird effects!	0	0	0	0	0	0	0	0	0
631bcfaa7faf35d3abb91cbc	z	87.5	36	US	Male	18	White	No	639.5	603.137	No	NA	NA	0	0	0	0	0	0	0	0	0
631c790a9061cd8137fd215b	z	100	26	US	Female	12	White	No	532	532.9	No	NA	NA	0	0	0	0	0	0	0	0	0
631db394e0e9e27b3d1dbcb7	slash	-50	29	US	Male	14	White	No	593	617.554	No	NA	NA	0	0	0	0	0	0	0	0	0
631e3ba1714b8e7f8fe9338d	z	-75	38	US	Male	12	White	No	504.5	680.577	No	NA	NA	0	0	0	0	0	0	0	0	0
631fc3e54c3c0515402fdd17	z	87.5	18	US	Male	8	White	No	712.5	650.746	No	NA	NA	0	0	0	0	0	0	0	0	0
63211a687695b2182a38207f	z	75	32	US	Male	21	White	No	535	644.968	No	NA	straightforward	0	0	0	0	0	0	0	0	0
63222da004d65dff83fd1de4	z	62.5	31	US	Male	16	White	Yes	866.5	1024.409	No	NA	NA	0	0	0	0	0	0	0	0	0
63235c5bf70d8e4f79b205cd	slash	50	24	US	Male	16	Asian	No	528.5	642.32	No	NA	NA	0	0	0	0	0	0	0	0	0
6323781f75962af097c34b5e	z	100	18	US	Male	12	Multiple	Yes	659.5	499.592	No	NA	NA	0	0	0	0	0	0	0	0	0
6323a90c380df6eb64255d6f	slash	-62.5	23	US	Male	12	White	No	579.5	678.634	No	NA	NA	0	0	0	0	0	0	0	0	0
632436c12617a96bb55a2ca8	z	87.5	29	US	Male	12	White	Yes	631	641.587	No	NA	NA	0	0	0	0	0	0	0	0	0
632f7d0761bce49001d13953	slash	-100	39	US	Male	14	White	No	931.5	1350.47	No	NA	NA	0	0	0	0	0	0	0	0	0
6330aa1c7f5f79e3707b7ea6	z	-62.5	29	US	Male	16	White	No	491	547.346	No	NA	NA	0	0	0	0	0	0	0	0	0
6330e50102d0e9d363d139b2	slash	0	30	US	Male	16	White	No	667	847.614	No	NA	My left hand felt more intuitive, although it may have been the fact that is was the second round and i had gotten use to the experiment by then. I am left handed for writing but say my right hand gets used for pretty much everything else.	0	0	0	0	0	0	0	0	0
6330f30b973410dadd20eb64	slash	87.5	40	US	Female	12	Multiple	No	513	597.939	No	NA	NA	0	0	0	0	0	0	0	0	0
6333813956b0fd924b64a4d0	slash	100	31	US	Male	14	White	No	864.5	602.227	No	NA	NA	0	0	0	0	0	0	0	0	0
6337b9604370dd57643b81a0	slash	-37.5	31	US	Male	16	White	No	703	678.548	No	NA	NA	0	0	0	0	0	0	0	0	0
6339759d40c0cfec41fac4cb	slash	100	24	US	Male	12	White	No	674	621.171	No	NA	N/A	0	0	0	0	0	0	0	0	0
6340b7955ab968e4426eb476	slash	-25	27	US	Male	12	White	No	511.5	546.349	No	NA	NA	0	0	0	0	0	0	0	0	0
6340d2fa46f2d707e146b63b	z	50	23	US	Male	12	White	Yes	318	536.592	No	NA	NA	1	0	0	0	0	0	0	0	1
634694a1401b066cb71e4c82	z	100	33	US	Female	12	White	No	921	1228.974	No	NA	NA	0	0	0	0	0	0	0	0	0
6346dbb7ecb073d075e68282	z	62.5	33	US	Male	14	White	No	483	724.688	No	NA	NA	0	0	0	0	0	0	0	0	0
6348845d31edff3dff1b7799	slash	-75	23	US	Male	16	Asian	No	619.5	471.224	No	NA	NA	0	0	0	0	0	0	0	0	0
634ef87aec0966557c825573	slash	100	29	US	Female	12	White	No	675.5	1847.295	No	NA	N/A	0	0	0	0	0	0	0	0	0
6350714b7f29a002b46db87a	z	87.5	23	US	Female	16	White	No	771.5	580.595	No	NA	NA	0	0	0	0	0	0	0	0	0
635407b0f2c5045f78bd9326	z	75	28	US	Male	16	White	No	411.5	505.3	No	NA	NA	0	0	0	0	0	0	0	0	0
63615e9372b4e1caf8f9585b	z	-87.5	18	US	Male	12	White	No	457.5	608.961	No	NA	NA	0	0	0	0	0	0	0	0	0
636162be3bacd9edefc8d894	z	62.5	25	US	Male	14	Asian	No	377.5	659.488	No	NA	Interactive study, shows ambidextrious prowess.	0	0	0	0	0	0	0	0	0
63616c4bc6ecb76a9f0a5f21	slash	100	20	US	Male	12	White	No	380.5	603.087	No	NA	this was a fun experiment. I enjoyed testing my reaction time. it would be interesting to know which hand I did better with.	0	0	0	0	0	0	0	0	0
63657781c04fe648496b9bab	slash	50	28	US	Male	16	White	No	468	635.413	No	NA	Thank you for the opportunity to press buttons for science!	0	0	0	0	0	0	0	0	0
636577d277247b6a9c0dc54c	z	-37.5	39	US	Male	18	White	No	630.5	568.198	No	NA	NA	0	0	0	0	0	0	0	0	0
6369dd3bd6a643dc7b42ce62	slash	37.5	22	US	Not listed: non-binary	12	White	No	699.5	624.075	No	NA	NA	0	0	0	0	0	0	0	0	0
636bd30e14a5a0787697f56b	z	87.5	30	US	Female	12	White	No	703	646.695	No	NA	that was fun and very interesting	0	0	0	0	0	0	0	0	0
637eb25c87f98741f9619017	slash	-62.5	18	US	Male	12	Asian	No	662	878.287	No	NA	NA	0	0	0	0	0	0	0	0	0
638e39edc03272bc8071cbb6	z	-62.5	28	US	Female	12	White	Yes	766	604.034	No	NA	NA	0	0	0	0	0	0	0	0	0
